region,circonscription_id,circonscription_name,nb_bureaux_vote,inscrits,votants,taux_participation,bulletins_nuls,suffrages_exprimes,bulletins_blancs_nb,bulletins_blancs_pct,parti,candidat,score,score_pct,elu
ASSAIT-YBENGA,001,"ABOUDE, ATTOBROU, GUESSIGUIE, GRAND-MORIÉ, LOVIGUIE, ORESS-KROBOU, COMMUNES ET SOUS- PRÉFECTURES, AGBOVILLE SOUS-PRÉFECTURE",144,52106,14070,0.27,388,13682,76,0.005600000000000001,INDEPENDANT,KOTO EHOU SOPIE,547,0.04,False
ASSAIT-YBENGA,001,"ABOUDE, ATTOBROU, GUESSIGUIE, GRAND-MORIÉ, LOVIGUIE, ORESS-KROBOU, COMMUNES ET SOUS- PRÉFECTURES, AGBOVILLE SOUS-PRÉFECTURE",144,52106,14070,0.27,388,13682,76,0.005600000000000001,RHDP,KOFFI AKA CHARLES,9078,0.6635,True
ASSAIT-YBENGA,001,"ABOUDE, ATTOBROU, GUESSIGUIE, GRAND-MORIÉ, LOVIGUIE, ORESS-KROBOU, COMMUNES ET SOUS- PRÉFECTURES, AGBOVILLE SOUS-PRÉFECTURE",144,52106,14070,0.27,388,13682,76,0.005600000000000001,INDEPENDANT,YEPIE KOUASSI THEODORE,58,0.0042,False
ASSAIT-YBENGA,001,"ABOUDE, ATTOBROU, GUESSIGUIE, GRAND-MORIÉ, LOVIGUIE, ORESS-KROBOU, COMMUNES ET SOUS- PRÉFECTURES, AGBOVILLE SOUS-PRÉFECTURE",144,52106,14070,0.27,388,13682,76,0.005600000000000001,INDEPENDANT,TCHIMOU GNAMON BERTRAND,1991,0.14550000000000002,False
ASSAIT-YBENGA,001,"ABOUDE, ATTOBROU, GUESSIGUIE, GRAND-MORIÉ, LOVIGUIE, ORESS-KROBOU, COMMUNES ET SOUS- PRÉFECTURES, AGBOVILLE SOUS-PRÉFECTURE",144,52106,14070,0.27,388,13682,76,0.005600000000000001,INDEPENDANT,BOKA BOKA MAURICE,674,0.0493,False
ASSAIT-YBENGA,001,"ABOUDE, ATTOBROU, GUESSIGUIE, GRAND-MORIÉ, LOVIGUIE, ORESS-KROBOU, COMMUNES ET SOUS- PRÉFECTURES, AGBOVILLE SOUS-PRÉFECTURE",144,52106,14070,0.27,388,13682,76,0.005600000000000001,ADCI,EDI DOFFOU PAUL,331,0.0242,False
ASSAIT-YBENGA,001,"ABOUDE, ATTOBROU, GUESSIGUIE, GRAND-MORIÉ, LOVIGUIE, ORESS-KROBOU, COMMUNES ET SOUS- PRÉFECTURES, AGBOVILLE SOUS-PRÉFECTURE",144,52106,14070,0.27,388,13682,76,0.005600000000000001,FPI,N'GUESSAN KOTCHI REMI,474,0.0346,False
ASSAIT-YBENGA,001,"ABOUDE, ATTOBROU, GUESSIGUIE, GRAND-MORIÉ, LOVIGUIE, ORESS-KROBOU, COMMUNES ET SOUS- PRÉFECTURES, AGBOVILLE SOUS-PRÉFECTURE",144,52106,14070,0.27,388,13682,76,0.005600000000000001,MGC,NANDO YAVO SERGE,453,0.0331,False
ASSAIT-YBENGA,002,AGBOVILLE COMMUNE,133,48710,12821,0.2632,317,12504,81,0.006500000000000001,ADCI,OCHOU WROHOUM MARIE-PASCALE,296,0.023700000000000002,False
ASSAIT-YBENGA,002,AGBOVILLE COMMUNE,133,48710,12821,0.2632,317,12504,81,0.006500000000000001,RHDP,DIMBA N'GOU PIERRE,10675,0.8537,True
ASSAIT-YBENGA,002,AGBOVILLE COMMUNE,133,48710,12821,0.2632,317,12504,81,0.006500000000000001,INDEPENDANT,OCHO KOKOU BERTRAND,20,0.0016,False
ASSAIT-YBENGA,002,AGBOVILLE COMMUNE,133,48710,12821,0.2632,317,12504,81,0.006500000000000001,INDEPENDANT,TETCHI EHOUE ANTOINE,75,0.006,False
ASSAIT-YBENGA,002,AGBOVILLE COMMUNE,133,48710,12821,0.2632,317,12504,81,0.006500000000000001,INDEPENDANT,N'GOU KOKOLA GRACIASSE,30,0.0024,False
ASSAIT-YBENGA,002,AGBOVILLE COMMUNE,133,48710,12821,0.2632,317,12504,81,0.006500000000000001,PDCI-RDA,OHOUNA N'TAKPE NICAISE,1327,0.1061,False
ASSAIT-YBENGA,003,AZAGUIE COMMUNE ET SOUS-PREFECTURE,44,15515,5174,0.3335,73,5101,24,0.004699999999999999,INDEPENDANT,KOUAME YAO FREDERIC,439,0.0861,False
ASSAIT-YBENGA,003,AZAGUIE COMMUNE ET SOUS-PREFECTURE,44,15515,5174,0.3335,73,5101,24,0.004699999999999999,INDEPENDANT,DOUMBIA HAMED CHEICK YVANN,1549,0.3037,False
ASSAIT-YBENGA,003,AZAGUIE COMMUNE ET SOUS-PREFECTURE,44,15515,5174,0.3335,73,5101,24,0.004699999999999999,INDEPENDANT,KPATA APPIA EDI JORES,863,0.16920000000000002,False
ASSAIT-YBENGA,003,AZAGUIE COMMUNE ET SOUS-PREFECTURE,44,15515,5174,0.3335,73,5101,24,0.004699999999999999,INDEPENDANT,KIPRE LIPIA MIREILLE,38,0.0074,False
ASSAIT-YBENGA,003,AZAGUIE COMMUNE ET SOUS-PREFECTURE,44,15515,5174,0.3335,73,5101,24,0.004699999999999999,INDEPENDANT,ADJA OWO GILLES ROGER,96,0.018799999999999997,False
ASSAIT-YBENGA,003,AZAGUIE COMMUNE ET SOUS-PREFECTURE,44,15515,5174,0.3335,73,5101,24,0.004699999999999999,RHDP,ALAIN EKISSI,1673,0.32799999999999996,True
ASSAIT-YBENGA,003,AZAGUIE COMMUNE ET SOUS-PREFECTURE,44,15515,5174,0.3335,73,5101,24,0.004699999999999999,INDEPENDANT,BAMBA IDRISSA,256,0.050199999999999995,False
ASSAIT-YBENGA,003,AZAGUIE COMMUNE ET SOUS-PREFECTURE,44,15515,5174,0.3335,73,5101,24,0.004699999999999999,PDCI-RDA,EKISSI HUBERSON EVARISTHO ALVARIS,163,0.032,False
ASSAIT-YBENGA,004,"ANANGUIE, CECHI ET RUBINO, COMMUNES ET SOUS- PREFECTURES",72,23466,7650,0.326,241,7409,49,0.0066,INDEPENDANT,AKOUE BEDE ANSELME,203,0.0274,False
ASSAIT-YBENGA,004,"ANANGUIE, CECHI ET RUBINO, COMMUNES ET SOUS- PREFECTURES",72,23466,7650,0.326,241,7409,49,0.0066,INDEPENDANT,TCHIMOU OKOMAN EMMANUEL,1668,0.22510000000000002,False
ASSAIT-YBENGA,004,"ANANGUIE, CECHI ET RUBINO, COMMUNES ET SOUS- PREFECTURES",72,23466,7650,0.326,241,7409,49,0.0066,INDEPENDANT,OFFO ABOLE SYLVAIN,827,0.1116,False
ASSAIT-YBENGA,004,"ANANGUIE, CECHI ET RUBINO, COMMUNES ET SOUS- PREFECTURES",72,23466,7650,0.326,241,7409,49,0.0066,INDEPENDANT,N'GOU OKAUGNY YANNICK ANICET,110,0.0148,False
ASSAIT-YBENGA,004,"ANANGUIE, CECHI ET RUBINO, COMMUNES ET SOUS- PREFECTURES",72,23466,7650,0.326,241,7409,49,0.0066,RHDP,KOUASSI MARIE VIRGINIE,2607,0.3519,True
ASSAIT-YBENGA,004,"ANANGUIE, CECHI ET RUBINO, COMMUNES ET SOUS- PREFECTURES",72,23466,7650,0.326,241,7409,49,0.0066,INDEPENDANT,ATIN ERIC ALAIN,355,0.0479,False
ASSAIT-YBENGA,004,"ANANGUIE, CECHI ET RUBINO, COMMUNES ET SOUS- PREFECTURES",72,23466,7650,0.326,241,7409,49,0.0066,INDEPENDANT,OFFO BEDIA AKE VINCENT,197,0.026600000000000002,False
ASSAIT-YBENGA,004,"ANANGUIE, CECHI ET RUBINO, COMMUNES ET SOUS- PREFECTURES",72,23466,7650,0.326,241,7409,49,0.0066,INDEPENDANT,KOFFI ANGBA GUY RICHARD,65,0.0088,False
ASSAIT-YBENGA,004,"ANANGUIE, CECHI ET RUBINO, COMMUNES ET SOUS- PREFECTURES",72,23466,7650,0.326,241,7409,49,0.0066,FPI,ASSEKE BERNARD,117,0.0158,False
ASSAIT-YBENGA,004,"ANANGUIE, CECHI ET RUBINO, COMMUNES ET SOUS- PREFECTURES",72,23466,7650,0.326,241,7409,49,0.0066,PDCI-RDA,N'GUESSAN AKA ARNAUD,1211,0.1634,False
ASSAIT-YBENGA,005,"GOMON ET SIKENSI, COMMUNES ET SOUS-PREFECTURES",102,37720,10768,0.28550000000000003,347,10421,134,0.0129,INDEPENDANT,BOTTI ADJIRI BERNARD,1127,0.1081,False
ASSAIT-YBENGA,005,"GOMON ET SIKENSI, COMMUNES ET SOUS-PREFECTURES",102,37720,10768,0.28550000000000003,347,10421,134,0.0129,INDEPENDANT,YAO YAO ERIC ARMAND,1710,0.1641,False
ASSAIT-YBENGA,005,"GOMON ET SIKENSI, COMMUNES ET SOUS-PREFECTURES",102,37720,10768,0.28550000000000003,347,10421,134,0.0129,INDEPENDANT,BIPKO DANIELLE ADAHI,1417,0.136,False
ASSAIT-YBENGA,005,"GOMON ET SIKENSI, COMMUNES ET SOUS-PREFECTURES",102,37720,10768,0.28550000000000003,347,10421,134,0.0129,INDEPENDANT,KOPRO AMANI PIERRE VENCESLAS VINCENT,580,0.0557,False
ASSAIT-YBENGA,005,"GOMON ET SIKENSI, COMMUNES ET SOUS-PREFECTURES",102,37720,10768,0.28550000000000003,347,10421,134,0.0129,RHDP,N'GATA BRIE JOSEPH,3574,0.34299999999999997,True
ASSAIT-YBENGA,005,"GOMON ET SIKENSI, COMMUNES ET SOUS-PREFECTURES",102,37720,10768,0.28550000000000003,347,10421,134,0.0129,INDEPENDANT,SAHORE N'GUESSAN PASCAL,157,0.0151,False
ASSAIT-YBENGA,005,"GOMON ET SIKENSI, COMMUNES ET SOUS-PREFECTURES",102,37720,10768,0.28550000000000003,347,10421,134,0.0129,INDEPENDANT,ADOU JOSE ANTONIO,64,0.0060999999999999995,False
ASSAIT-YBENGA,005,"GOMON ET SIKENSI, COMMUNES ET SOUS-PREFECTURES",102,37720,10768,0.28550000000000003,347,10421,134,0.0129,INDEPENDANT,ADANGBA KASSA-KASSA RAPHAEL,32,0.0031,False
ASSAIT-YBENGA,005,"GOMON ET SIKENSI, COMMUNES ET SOUS-PREFECTURES",102,37720,10768,0.28550000000000003,347,10421,134,0.0129,PDCI-RDA,ASSOUMOU BAKA CHARLES,1626,0.156,False
ASSAIT-YBENGA,005,"GOMON ET SIKENSI, COMMUNES ET SOUS-PREFECTURES",102,37720,10768,0.28550000000000003,347,10421,134,0.0129,RHDP,KANGBE YAYORO CHARLES LOPEZ,3169,0.3546,True
ASSAIT-YBENGA,006,"GBOLOUVILLE ET N'DOUCI, COMMUNES ET SOUS- PREFECTURES",94,,,,,,,,ADCI,CAMARA ISSOUF,1848,0.20679999999999998,False
ASSAIT-YBENGA,006,"GBOLOUVILLE ET N'DOUCI, COMMUNES ET SOUS- PREFECTURES",94,,,,,,,,INDEPENDANT,TANOH AMOI CHRISTIAN,88,0.0098,False
ASSAIT-YBENGA,006,"GBOLOUVILLE ET N'DOUCI, COMMUNES ET SOUS- PREFECTURES",94,,,,,,,,INDEPENDANT,GOUHAN EKANZA JULES ROLAND MONSIHO,282,0.0316,False
ASSAIT-YBENGA,006,"GBOLOUVILLE ET N'DOUCI, COMMUNES ET SOUS- PREFECTURES",94,,,,,,,,INDEPENDANT,N'GUESSAN AUGUSTIN KOUAKOU KASSI,868,0.0971,False
ASSAIT-YBENGA,006,"GBOLOUVILLE ET N'DOUCI, COMMUNES ET SOUS- PREFECTURES",94,,,,,,,,INDEPENDANT,KOUAKOU NGORAN JEROME,126,0.0141,False
ASSAIT-YBENGA,006,"GBOLOUVILLE ET N'DOUCI, COMMUNES ET SOUS- PREFECTURES",94,,,,,,,,CNPCIN,YAO CHRIST FRANCIS ALAIN GILLES,110,0.0123,False
ASSAIT-YBENGA,006,"GBOLOUVILLE ET N'DOUCI, COMMUNES ET SOUS- PREFECTURES",94,,,,,,,,PDCI-RDA,OBOUMOU GOLE MARCELIN,2375,0.2657,False
ASSAIT-YBENGA,007,"MOROKRO ET TIASSALE, COMMUNES ET SOUS- PREFECTURES",123,39362,16841,0.4278,518,16323,118,0.0072,ADCI - GP-PAIX - VALEUR,ASSALE TIEMOKO ANTOINE,7489,0.45880000000000004,False
ASSAIT-YBENGA,007,"MOROKRO ET TIASSALE, COMMUNES ET SOUS- PREFECTURES",123,39362,16841,0.4278,518,16323,118,0.0072,RHDP,SANOGO DRAMANE ALPHA,8557,0.5242,True
ASSAIT-YBENGA,007,"MOROKRO ET TIASSALE, COMMUNES ET SOUS- PREFECTURES",123,39362,16841,0.4278,518,16323,118,0.0072,PDCI-RDA,MIAN OCTAVI PEROU,159,0.0097,False
ASSAIT-YBENGA,008,"PACOBO ET TAABO, COMMUNES ET SOUS-PREFECTURES",68,23159,7576,0.3271,399,7177,64,0.0089,GJPA-CI,KOFFI NDRI FERDINAND,35,0.0049,False
ASSAIT-YBENGA,008,"PACOBO ET TAABO, COMMUNES ET SOUS-PREFECTURES",68,23159,7576,0.3271,399,7177,64,0.0089,INDEPENDANT,KOUASSI KOFFI KAN ANICET DIDIER,881,0.12279999999999999,False
ASSAIT-YBENGA,008,"PACOBO ET TAABO, COMMUNES ET SOUS-PREFECTURES",68,23159,7576,0.3271,399,7177,64,0.0089,INDEPENDANT,BOKA YAO DANIEL,911,0.12689999999999999,False
ASSAIT-YBENGA,008,"PACOBO ET TAABO, COMMUNES ET SOUS-PREFECTURES",68,23159,7576,0.3271,399,7177,64,0.0089,RHDP,KOUADIO BEUGRE BERNARD,3912,0.5451,True
ASSAIT-YBENGA,008,"PACOBO ET TAABO, COMMUNES ET SOUS-PREFECTURES",68,23159,7576,0.3271,399,7177,64,0.0089,INDEPENDANT,NAHOUNOU FELICITE VERONIQUE N'GUESSAN,81,0.0113,False
ASSAIT-YBENGA,008,"PACOBO ET TAABO, COMMUNES ET SOUS-PREFECTURES",68,23159,7576,0.3271,399,7177,64,0.0089,INDEPENDANT,MBASSIDJE EDDOH CHRISTIAN RICHARD,59,0.008199999999999999,False
ASSAIT-YBENGA,008,"PACOBO ET TAABO, COMMUNES ET SOUS-PREFECTURES",68,23159,7576,0.3271,399,7177,64,0.0089,INDEPENDANT,EBOU ADJOUA ANGELE,84,0.011699999999999999,False
ASSAIT-YBENGA,008,"PACOBO ET TAABO, COMMUNES ET SOUS-PREFECTURES",68,23159,7576,0.3271,399,7177,64,0.0089,PDCI-RDA,KOUAME KOFFI RUFIN,1150,0.1602,False
GNIFAB,009,"BOOKO, BOROTOU, MAHANDOUGOU ET NIOKOSSO, COMMUNES ET SOUS-PREFECTURES",77,17626,11919,0.6762,59,11860,158,0.013300000000000001,INDEPENDANT,DIABATE MAMADOU,75,0.0063,False
GNIFAB,009,"BOOKO, BOROTOU, MAHANDOUGOU ET NIOKOSSO, COMMUNES ET SOUS-PREFECTURES",77,17626,11919,0.6762,59,11860,158,0.013300000000000001,PDCI-RDA,SOUMAHORO SOULEYMANE,408,0.0344,False
GNIFAB,009,"BOOKO, BOROTOU, MAHANDOUGOU ET NIOKOSSO, COMMUNES ET SOUS-PREFECTURES",77,17626,11919,0.6762,59,11860,158,0.013300000000000001,RHDP,DIOMANDE LASSINA,11219,0.946,True
GNIFAB,010,"KORO, COMMUNE ET SOUS-PREFECTURE",42,13092,6583,0.5028,117,6466,74,0.011399999999999999,INDEPENDANT,BAKAYOKO KARAMOKO,2894,0.4476,False
GNIFAB,010,"KORO, COMMUNE ET SOUS-PREFECTURE",42,13092,6583,0.5028,117,6466,74,0.011399999999999999,RHDP,SOUMAHORO YOUSSOUF,3498,0.541,True
GNIFAB,011,"GBELO, GOUEKAN, KOONAN, OUANINOU, SABOUDOUGOU ET SANTA, COMMUNES ET SOUS-PREFECTURES",106,25316,15353,0.6065,215,15138,208,0.0137,CNJB-ADO,DIOMANDE AMARA,68,0.0045000000000000005,False
GNIFAB,011,"GBELO, GOUEKAN, KOONAN, OUANINOU, SABOUDOUGOU ET SANTA, COMMUNES ET SOUS-PREFECTURES",106,25316,15353,0.6065,215,15138,208,0.0137,INDEPENDANT,BAMBA MORY,2724,0.17989999999999998,False
GNIFAB,011,"GBELO, GOUEKAN, KOONAN, OUANINOU, SABOUDOUGOU ET SANTA, COMMUNES ET SOUS-PREFECTURES",106,25316,15353,0.6065,215,15138,208,0.0137,RHDP,MAMADOU SANOGO,6026,0.3981,True
GNIFAB,011,"GBELO, GOUEKAN, KOONAN, OUANINOU, SABOUDOUGOU ET SANTA, COMMUNES ET SOUS-PREFECTURES",106,25316,15353,0.6065,215,15138,208,0.0137,INDEPENDANT,BAMBA MAMADOU,123,0.008100000000000001,False
GNIFAB,011,"GBELO, GOUEKAN, KOONAN, OUANINOU, SABOUDOUGOU ET SANTA, COMMUNES ET SOUS-PREFECTURES",106,25316,15353,0.6065,215,15138,208,0.0137,INDEPENDANT,DIOMANDE ABDOUL AHMARA,5989,0.3956,False
GNIFAB,012,"DIOMAN, FOUNGBESSO ET GUINTEGUELA, COMMUNES ET SOUS-PREFECTURES, TOUBA, SOUS PREFECTURE",96,21299,13342,0.6264,196,13146,141,0.010700000000000001,INDEPENDANT,MEMAN BAMBA,1524,0.1159,False
GNIFAB,012,"DIOMAN, FOUNGBESSO ET GUINTEGUELA, COMMUNES ET SOUS-PREFECTURES, TOUBA, SOUS PREFECTURE",96,21299,13342,0.6264,196,13146,141,0.010700000000000001,INDEPENDANT,ALIDJOU TOURE,3256,0.2477,False
GNIFAB,012,"DIOMAN, FOUNGBESSO ET GUINTEGUELA, COMMUNES ET SOUS-PREFECTURES, TOUBA, SOUS PREFECTURE",96,21299,13342,0.6264,196,13146,141,0.010700000000000001,INDEPENDANT,KONE MAMADOU,2287,0.174,False
GNIFAB,012,"DIOMAN, FOUNGBESSO ET GUINTEGUELA, COMMUNES ET SOUS-PREFECTURES, TOUBA, SOUS PREFECTURE",96,21299,13342,0.6264,196,13146,141,0.010700000000000001,INDEPENDANT,MIAMAN KONE,1098,0.08349999999999999,False
GNIFAB,012,"DIOMAN, FOUNGBESSO ET GUINTEGUELA, COMMUNES ET SOUS-PREFECTURES, TOUBA, SOUS PREFECTURE",96,21299,13342,0.6264,196,13146,141,0.010700000000000001,RHDP,DIOMANDE VASSADIA,3613,0.2748,True
GNIFAB,012,"DIOMAN, FOUNGBESSO ET GUINTEGUELA, COMMUNES ET SOUS-PREFECTURES, TOUBA, SOUS PREFECTURE",96,21299,13342,0.6264,196,13146,141,0.010700000000000001,INDEPENDANT,MOUSSA BAMBA,1227,0.0933,False
GNIFAB,013,"TOUBA, COMMUNE",47,14962,7151,0.4779,54,7097,75,0.0106,RHDP,SANOGO MOUSSA,4962,0.6992,True
GNIFAB,013,"TOUBA, COMMUNE",47,14962,7151,0.4779,54,7097,75,0.0106,INDEPENDANT,BAMBA ANZOUMANA,2060,0.2903,False
EUOGAB,014,"BAYA, KASSERE ET SIEMPURGO, COMMUNES ET SOUS- PREFECTURES",63,19315,12802,0.6628000000000001,330,12472,204,0.016399999999999998,RHDP,COULIBALY FONONNA CHEICK AHMED,5606,0.4495,True
EUOGAB,014,"BAYA, KASSERE ET SIEMPURGO, COMMUNES ET SOUS- PREFECTURES",63,19315,12802,0.6628000000000001,330,12472,204,0.016399999999999998,INDEPENDANT,OUATTARA GUIBESSONGUI ISSA,4488,0.35979999999999995,False
EUOGAB,014,"BAYA, KASSERE ET SIEMPURGO, COMMUNES ET SOUS- PREFECTURES",63,19315,12802,0.6628000000000001,330,12472,204,0.016399999999999998,INDEPENDANT,COULIBALY LASSINAN,1576,0.1264,False
EUOGAB,014,"BAYA, KASSERE ET SIEMPURGO, COMMUNES ET SOUS- PREFECTURES",63,19315,12802,0.6628000000000001,330,12472,204,0.016399999999999998,INDEPENDANT,COULIBALY ZIE SOUMAILA,598,0.0479,False
EUOGAB,015,"BOUNDIALI ET GANAONI, COMMUNES ET SOUS- PREFECTURES",106,36892,36846,0.9987999999999999,0,36846,0,0.0,RHDP,KONE MARIATOU,36846,1.0,True
EUOGAB,016,"BLESSEGUE ET KOUTO, COMMUNES ET SOUS- PREFECTURES",59,19903,11808,0.5932999999999999,70,11738,215,0.0183,INDEPENDANT,TRAORE DON SAMUEL,3692,0.3145,False
EUOGAB,016,"BLESSEGUE ET KOUTO, COMMUNES ET SOUS- PREFECTURES",59,19903,11808,0.5932999999999999,70,11738,215,0.0183,RHDP,KONE NABAGNE BRUNO,7831,0.6670999999999999,True
EUOGAB,017,"GBON, KOLIA ET SIANHALA, COMMUNES ET SOUS- PREFECTURES",88,31360,20373,0.6496,183,20190,378,0.0187,INDEPENDANT,KONE KARIMOU,1242,0.061500000000000006,False
EUOGAB,017,"GBON, KOLIA ET SIANHALA, COMMUNES ET SOUS- PREFECTURES",88,31360,20373,0.6496,183,20190,378,0.0187,INDEPENDANT,BALLO NOUHO,10331,0.5117,True
EUOGAB,017,"GBON, KOLIA ET SIANHALA, COMMUNES ET SOUS- PREFECTURES",88,31360,20373,0.6496,183,20190,378,0.0187,RHDP,TOURE ALPHA YAYA,8239,0.4081,False
EUOGAB,018,"DEBETE, KANAKONO, PAPARA ET TENGRELA, COMMUNES ET SOUS-PREFECTURES",109,36904,22247,0.6028,221,22026,197,0.0089,INDEPENDANT,KONE SEYDOU,274,0.0124,False
EUOGAB,018,"DEBETE, KANAKONO, PAPARA ET TENGRELA, COMMUNES ET SOUS-PREFECTURES",109,36904,22247,0.6028,221,22026,197,0.0089,INDEPENDANT,DIARRASSOUBA SOUMAILA,11811,0.5362,True
EUOGAB,018,"DEBETE, KANAKONO, PAPARA ET TENGRELA, COMMUNES ET SOUS-PREFECTURES",109,36904,22247,0.6028,221,22026,197,0.0089,INDEPENDANT,DIARRASSOUBA ABDOULAYE,3070,0.1394,False
EUOGAB,018,"DEBETE, KANAKONO, PAPARA ET TENGRELA, COMMUNES ET SOUS-PREFECTURES",109,36904,22247,0.6028,221,22026,197,0.0089,RHDP,TRAORE MARIAME,6674,0.303,False
REILEB,019,"BOLI, DIDIEVI, MOLONOU-BLE ET TIE-N'DIEKRO, COMMUNES ET SOUS-PREFECTURES",129,36304,11536,0.3178,421,11115,138,0.0124,RHDP,KOFFI KOFFI SERAPHIN,5037,0.4532,False
REILEB,019,"BOLI, DIDIEVI, MOLONOU-BLE ET TIE-N'DIEKRO, COMMUNES ET SOUS-PREFECTURES",129,36304,11536,0.3178,421,11115,138,0.0124,INDEPENDANT,KONAN ULRICH KOUADIO SERGE RENE,199,0.0179,False
REILEB,019,"BOLI, DIDIEVI, MOLONOU-BLE ET TIE-N'DIEKRO, COMMUNES ET SOUS-PREFECTURES",129,36304,11536,0.3178,421,11115,138,0.0124,PDCI-RDA,N'GUESSAN KOUASSI EDOUARD,5741,0.5165,True
REILEB,020,"LOMOKANKRO, MOLONOU, TLEBISSOU ET YAKPABO- SAKASSOU, COMMUNES ET SOUS-PREFECTURES",147,42781,14778,0.3454,537,14241,134,0.009399999999999999,INDEPENDANT,ENSEMBLE TOUT EST POSSIBLE,80,0.005600000000000001,False
REILEB,020,"LOMOKANKRO, MOLONOU, TLEBISSOU ET YAKPABO- SAKASSOU, COMMUNES ET SOUS-PREFECTURES",147,42781,14778,0.3454,537,14241,134,0.009399999999999999,INDEPENDANT,LES PROGRESSISTES,222,0.015600000000000001,False
REILEB,020,"LOMOKANKRO, MOLONOU, TLEBISSOU ET YAKPABO- SAKASSOU, COMMUNES ET SOUS-PREFECTURES",147,42781,14778,0.3454,537,14241,134,0.009399999999999999,RHDP,"UNE COTE DIVOIRE EN PAIX , PROSPERE ET SOLIDAIRE",6127,0.4302,False
REILEB,020,"LOMOKANKRO, MOLONOU, TLEBISSOU ET YAKPABO- SAKASSOU, COMMUNES ET SOUS-PREFECTURES",147,42781,14778,0.3454,537,14241,134,0.009399999999999999,INDEPENDANT,ENSEMBLE POUR LE DEVELOPPEMENT,190,0.013300000000000001,False
REILEB,020,"LOMOKANKRO, MOLONOU, TLEBISSOU ET YAKPABO- SAKASSOU, COMMUNES ET SOUS-PREFECTURES",147,42781,14778,0.3454,537,14241,134,0.009399999999999999,PRO CI,PRO COTE DIVOIRE POUR UN PARLEMENT DEFENSEUR DES POPULATIONS,70,0.0049,False
REILEB,020,"LOMOKANKRO, MOLONOU, TLEBISSOU ET YAKPABO- SAKASSOU, COMMUNES ET SOUS-PREFECTURES",147,42781,14778,0.3454,537,14241,134,0.009399999999999999,PDCI-RDA,TOUS ENSEMBLE POUR LA CÔTE D'IVOIRE,7418,0.5209,True
REILEB,021,"TOUMODI, COMMUNE",84,31946,9783,0.3062,338,9445,57,0.006,RHDP,GOUDOU RAYMONDE COFFIE,4615,0.4886,False
REILEB,021,"TOUMODI, COMMUNE",84,31946,9783,0.3062,338,9445,57,0.006,INDEPENDANT,SENI KONAN JULES NANGLE,143,0.0151,False
REILEB,021,"TOUMODI, COMMUNE",84,31946,9783,0.3062,338,9445,57,0.006,PDCI-RDA,ALLIALI HERVE DOMINIQUE DIE,4630,0.4902,True
REILEB,022,"ANGODA, BONIKRO, DJEKANOU, KPOUEBO, KOKUMBO, COMMUNES ET SOUS-PREFECTURES, TOUMODI, SOUS- PREFECTURE",139,43279,12775,0.2952,556,12219,128,0.0105,INDEPENDANT,KOUADIO N'GUESSAN CHARLES,160,0.0131,False
REILEB,022,"ANGODA, BONIKRO, DJEKANOU, KPOUEBO, KOKUMBO, COMMUNES ET SOUS-PREFECTURES, TOUMODI, SOUS- PREFECTURE",139,43279,12775,0.2952,556,12219,128,0.0105,INDEPENDANT,N'GUESSAN KOUAME MARIUS MAURINIER,61,0.005,False
REILEB,022,"ANGODA, BONIKRO, DJEKANOU, KPOUEBO, KOKUMBO, COMMUNES ET SOUS-PREFECTURES, TOUMODI, SOUS- PREFECTURE",139,43279,12775,0.2952,556,12219,128,0.0105,RHDP,KONAN YAO SIMPLICE,4846,0.39659999999999995,False
REILEB,022,"ANGODA, BONIKRO, DJEKANOU, KPOUEBO, KOKUMBO, COMMUNES ET SOUS-PREFECTURES, TOUMODI, SOUS- PREFECTURE",139,43279,12775,0.2952,556,12219,128,0.0105,INDEPENDANT,N'DA KOUASSI JULES,97,0.0079,False
REILEB,022,"ANGODA, BONIKRO, DJEKANOU, KPOUEBO, KOKUMBO, COMMUNES ET SOUS-PREFECTURES, TOUMODI, SOUS- PREFECTURE",139,43279,12775,0.2952,556,12219,128,0.0105,INDEPENDANT,KOUADIO KOFFI ASSASSI MARCEL,85,0.006999999999999999,False
REILEB,022,"ANGODA, BONIKRO, DJEKANOU, KPOUEBO, KOKUMBO, COMMUNES ET SOUS-PREFECTURES, TOUMODI, SOUS- PREFECTURE",139,43279,12775,0.2952,556,12219,128,0.0105,INDEPENDANT,KOUAKOU KOUADIO JUVENAL,60,0.0049,False
REILEB,022,"ANGODA, BONIKRO, DJEKANOU, KPOUEBO, KOKUMBO, COMMUNES ET SOUS-PREFECTURES, TOUMODI, SOUS- PREFECTURE",139,43279,12775,0.2952,556,12219,128,0.0105,PDCI-RDA,N'DAKPRI DJAHA ANGE FELIX,6782,0.555,True
EREB,023,"BOUANDOUGOU ET TIENINGBOUE, COMMUNES ET SOUS- PREFECTURES",95,25590,14752,0.5765,187,14565,237,0.0163,INDEPENDANT,ADAMA BAKAYOKO,8087,0.5552,True
EREB,023,"BOUANDOUGOU ET TIENINGBOUE, COMMUNES ET SOUS- PREFECTURES",95,25590,14752,0.5765,187,14565,237,0.0163,RHDP,HAMADOU KAMAGATE,6196,0.4254,False
EREB,023,"BOUANDOUGOU ET TIENINGBOUE, COMMUNES ET SOUS- PREFECTURES",95,25590,14752,0.5765,187,14565,237,0.0163,PDCI-RDA,KATIENSELY COULIBALY,45,0.0031,False
EREB,024,"DIANRA ET DIARRA-VILLAGE, COMMUNES ET SOUS- PREFECTURES",88,26729,16599,0.621,291,16308,378,0.0232,INDEPENDANT,KONATE BAKARY,1055,0.0647,False
EREB,024,"DIANRA ET DIARRA-VILLAGE, COMMUNES ET SOUS- PREFECTURES",88,26729,16599,0.621,291,16308,378,0.0232,INDEPENDANT,KONE AMOURLAYE,4127,0.2531,False
EREB,024,"DIANRA ET DIARRA-VILLAGE, COMMUNES ET SOUS- PREFECTURES",88,26729,16599,0.621,291,16308,378,0.0232,INDEPENDANT,CISSE ISAAC,886,0.054299999999999994,False
EREB,024,"DIANRA ET DIARRA-VILLAGE, COMMUNES ET SOUS- PREFECTURES",88,26729,16599,0.621,291,16308,378,0.0232,RHDP,GNANGADJOMON KONE,9862,0.6047,True
EREB,025,"MANKONO, COMMUNE ET SOUS-PREFECTURE",73,23860,12104,0.5073,144,11960,138,0.0115,RHDP,FOFANA EPSE MEITE SALIMATA,7756,0.6485,True
EREB,025,"MANKONO, COMMUNE ET SOUS-PREFECTURE",73,23860,12104,0.5073,144,11960,138,0.0115,INDEPENDANT,SOTIGUY COULIBALY,3921,0.32780000000000004,False
EREB,025,"MANKONO, COMMUNE ET SOUS-PREFECTURE",73,23860,12104,0.5073,144,11960,138,0.0115,PDCI-RDA,FOFANA ADAMA,145,0.0121,False
EREB,026,"MARANDALLAH ET SARHALA, COMMUNES ET SOUS- PREFECTURES",78,21935,11771,0.5366,130,11641,195,0.0168,INDEPENDANT,BAMBA LADJI,5703,0.4899,True
EREB,026,"MARANDALLAH ET SARHALA, COMMUNES ET SOUS- PREFECTURES",78,21935,11771,0.5366,130,11641,195,0.0168,INDEPENDANT,WASSI KANATE,423,0.0363,False
EREB,026,"MARANDALLAH ET SARHALA, COMMUNES ET SOUS- PREFECTURES",78,21935,11771,0.5366,130,11641,195,0.0168,RHDP,DOGOSSATI BAKAYOKO,5320,0.457,False
EREB,027,"KONGASSO ET KOUNAHIRI, COMMUNES ET SOUS- PREFECTURES",84,24391,10680,0.4379,352,10328,224,0.0217,INDEPENDANT,BAGATE ABDOULE TIECOURA,2190,0.212,False
EREB,027,"KONGASSO ET KOUNAHIRI, COMMUNES ET SOUS- PREFECTURES",84,24391,10680,0.4379,352,10328,224,0.0217,INDEPENDANT,BISSA AUGUSTIN,2785,0.2697,False
EREB,027,"KONGASSO ET KOUNAHIRI, COMMUNES ET SOUS- PREFECTURES",84,24391,10680,0.4379,352,10328,224,0.0217,INDEPENDANT,GBEGBE BATO OLIVIER,426,0.0412,False
EREB,027,"KONGASSO ET KOUNAHIRI, COMMUNES ET SOUS- PREFECTURES",84,24391,10680,0.4379,352,10328,224,0.0217,RHDP,BAMBA CHEICK LANCINA,4606,0.446,True
EREB,027,"KONGASSO ET KOUNAHIRI, COMMUNES ET SOUS- PREFECTURES",84,24391,10680,0.4379,352,10328,224,0.0217,PDCI-RDA,DELLOH ERIC,97,0.009399999999999999,False
EREB,028,"BOUKO ET BOUNA, COMMUNES ET SOUS-PREFECTURES",89,26581,14195,0.534,169,14026,283,0.0202,CODE,CONGRES DEMOCRATIQUE,1820,0.1298,False
EREB,028,"BOUKO ET BOUNA, COMMUNES ET SOUS-PREFECTURES",89,26581,14195,0.534,169,14026,283,0.0202,RHDP,"UNE COTE DIVOIRE EN PAIX,PROSPERE ET SOLIDAIRE",11923,0.8501000000000001,True
INAKNUOB,029,"ONDEFIDOUO ET YOUNDOUO, COMMUNES ET SOUS- PREFECTURES",43,11091,7346,0.6623,99,7247,209,0.0288,INDEPENDANT,SIB SIE JEAN,2550,0.3519,True
INAKNUOB,029,"ONDEFIDOUO ET YOUNDOUO, COMMUNES ET SOUS- PREFECTURES",43,11091,7346,0.6623,99,7247,209,0.0288,RHDP,KAMBOU SIE,2178,0.3005,False
INAKNUOB,029,"ONDEFIDOUO ET YOUNDOUO, COMMUNES ET SOUS- PREFECTURES",43,11091,7346,0.6623,99,7247,209,0.0288,INDEPENDANT,SOM SIE JEAN BAPTISTE,1621,0.2237,False
INAKNUOB,029,"ONDEFIDOUO ET YOUNDOUO, COMMUNES ET SOUS- PREFECTURES",43,11091,7346,0.6623,99,7247,209,0.0288,INDEPENDANT,KAMBIRE SIE BOMITE JULIEN,96,0.0132,False
INAKNUOB,029,"ONDEFIDOUO ET YOUNDOUO, COMMUNES ET SOUS- PREFECTURES",43,11091,7346,0.6623,99,7247,209,0.0288,INDEPENDANT,KAMBOU BALIRE JEROME,423,0.0584,False
INAKNUOB,029,"ONDEFIDOUO ET YOUNDOUO, COMMUNES ET SOUS- PREFECTURES",43,11091,7346,0.6623,99,7247,209,0.0288,FPI,KAMBOU OLLO PAUL,112,0.0155,False
INAKNUOB,029,"ONDEFIDOUO ET YOUNDOUO, COMMUNES ET SOUS- PREFECTURES",43,11091,7346,0.6623,99,7247,209,0.0288,PDCI-RDA,HIEN PIRIHINTE,58,0.008,False
INAKNUOB,030,"DANOA, DOROPO, KALAMON ET NIAMOUE, COMMUNES ET SOUS-PREFECTURES",67,19827,10300,0.5195000000000001,163,10137,328,0.032400000000000005,INDEPENDANT,KOUASSI KOUADIO JOEL,158,0.015600000000000001,False
INAKNUOB,030,"DANOA, DOROPO, KALAMON ET NIAMOUE, COMMUNES ET SOUS-PREFECTURES",67,19827,10300,0.5195000000000001,163,10137,328,0.032400000000000005,INDEPENDANT,KAMBIRE CHARLES,3426,0.33799999999999997,False
INAKNUOB,030,"DANOA, DOROPO, KALAMON ET NIAMOUE, COMMUNES ET SOUS-PREFECTURES",67,19827,10300,0.5195000000000001,163,10137,328,0.032400000000000005,RHDP,NOUFE SANSAN KOULANFIRTE,6072,0.599,True
INAKNUOB,030,"DANOA, DOROPO, KALAMON ET NIAMOUE, COMMUNES ET SOUS-PREFECTURES",67,19827,10300,0.5195000000000001,163,10137,328,0.032400000000000005,INDEPENDANT,OUATTARA KOFFI,153,0.0151,False
INAKNUOB,031,"BOGOFA, KAKPIN, KOUTOUBA, NASSIAN ET SOMINASSE, COMMUNES ET SOUS-PREFECTURES",76,21508,14236,0.6618999999999999,266,13970,178,0.0127,INDEPENDANT,KAMBOU HOLO,439,0.031400000000000004,False
INAKNUOB,031,"BOGOFA, KAKPIN, KOUTOUBA, NASSIAN ET SOMINASSE, COMMUNES ET SOUS-PREFECTURES",76,21508,14236,0.6618999999999999,266,13970,178,0.0127,RHDP,OUATTARA AMARA,6583,0.47119999999999995,True
INAKNUOB,031,"BOGOFA, KAKPIN, KOUTOUBA, NASSIAN ET SOMINASSE, COMMUNES ET SOUS-PREFECTURES",76,21508,14236,0.6618999999999999,266,13970,178,0.0127,INDEPENDANT,KRA EUGENE KOUASSI,1315,0.0941,False
INAKNUOB,031,"BOGOFA, KAKPIN, KOUTOUBA, NASSIAN ET SOMINASSE, COMMUNES ET SOUS-PREFECTURES",76,21508,14236,0.6618999999999999,266,13970,178,0.0127,GP-PAIX,DABILA KOUADIO JEAN-MARIE,93,0.0067,False
INAKNUOB,031,"BOGOFA, KAKPIN, KOUTOUBA, NASSIAN ET SOMINASSE, COMMUNES ET SOUS-PREFECTURES",76,21508,14236,0.6618999999999999,266,13970,178,0.0127,PDCI-RDA,KOUADIO DEGLEGUI EDMOND,5362,0.38380000000000003,False
INAKNUOB,032,"GOGO,TEHINI ET TOUGBO, COMMUNES ET SOUS- PREFECTURES",45,10547,5885,0.5579999999999999,87,5798,160,0.0276,INDEPENDANT,SIB SANSAN DIEUDONNE,2392,0.41259999999999997,False
INAKNUOB,032,"GOGO,TEHINI ET TOUGBO, COMMUNES ET SOUS- PREFECTURES",45,10547,5885,0.5579999999999999,87,5798,160,0.0276,INDEPENDANT,PALE OLLO DESIRE,491,0.08470000000000001,False
INAKNUOB,032,"GOGO,TEHINI ET TOUGBO, COMMUNES ET SOUS- PREFECTURES",45,10547,5885,0.5579999999999999,87,5798,160,0.0276,RHDP,OUATTARA OUMAR,2694,0.4646,True
INAKNUOB,032,"GOGO,TEHINI ET TOUGBO, COMMUNES ET SOUS- PREFECTURES",45,10547,5885,0.5579999999999999,87,5798,160,0.0276,INDEPENDANT,PALE SANSAN,61,0.0105,False
YLLAVAC,033,"BLOLEQUIN, DIBOKE, DOKE, TINHOU ET ZEAGLO, COMMUNES ET SOUS-PREFECTURES",115,34438,11735,0.3408,558,11177,135,0.0121,RHDP,UNE CÔTE DIVOIRE PROSPERE ET SOLIDAIRE,5882,0.5263,True
YLLAVAC,033,"BLOLEQUIN, DIBOKE, DOKE, TINHOU ET ZEAGLO, COMMUNES ET SOUS-PREFECTURES",115,34438,11735,0.3408,558,11177,135,0.0121,INDEPENDANT,CANDIDATURE POUR LA DIGNITE ET LE TRIOMPHE DU PEUPLE,344,0.0308,False
YLLAVAC,033,"BLOLEQUIN, DIBOKE, DOKE, TINHOU ET ZEAGLO, COMMUNES ET SOUS-PREFECTURES",115,34438,11735,0.3408,558,11177,135,0.0121,PDCI-RDA,TOUS ENSEMBLE POUR LA CÔTE DIVOIRE,4816,0.43090000000000006,False
YLLAVAC,034,"BEDY-GOAZON, KAADE ET NIZAHON, COMMUNES ET SOUS- PREFECTURES, GUIGLO, SOUS-PREFECTURE",58,16418,6438,0.3921,189,6249,70,0.011200000000000002,INDEPENDANT,KEI GBOHOU MELAINE,62,0.009899999999999999,False
YLLAVAC,034,"BEDY-GOAZON, KAADE ET NIZAHON, COMMUNES ET SOUS- PREFECTURES, GUIGLO, SOUS-PREFECTURE",58,16418,6438,0.3921,189,6249,70,0.011200000000000002,RHDP,TIO LOUIS SERGE,3951,0.6323,True
YLLAVAC,034,"BEDY-GOAZON, KAADE ET NIZAHON, COMMUNES ET SOUS- PREFECTURES, GUIGLO, SOUS-PREFECTURE",58,16418,6438,0.3921,189,6249,70,0.011200000000000002,PDCI-RDA,SARR BOHE MARIUS MELAINE DEGBAHOUA,2166,0.34659999999999996,False
YLLAVAC,035,"GUIGLO, COMMUNE",95,35868,7312,0.2039,252,7060,67,0.0095,INDEPENDANT,BAMBA DAOUDA,727,0.10300000000000001,False
YLLAVAC,035,"GUIGLO, COMMUNE",95,35868,7312,0.2039,252,7060,67,0.0095,RHDP,SERODE GUI HERVE MARC GATIEN,4099,0.5806,True
YLLAVAC,035,"GUIGLO, COMMUNE",95,35868,7312,0.2039,252,7060,67,0.0095,INDEPENDANT,BAMBA LANCINE,175,0.0248,False
YLLAVAC,035,"GUIGLO, COMMUNE",95,35868,7312,0.2039,252,7060,67,0.0095,INDEPENDANT,TIEON HERMANN ULRICH,84,0.011899999999999999,False
YLLAVAC,035,"GUIGLO, COMMUNE",95,35868,7312,0.2039,252,7060,67,0.0095,INDEPENDANT,KEMONSIEHI JEAN BEDEL,567,0.0803,False
YLLAVAC,035,"GUIGLO, COMMUNE",95,35868,7312,0.2039,252,7060,67,0.0095,INDEPENDANT,TAHI HOULOUNEGNION ALEXIS,191,0.0271,False
YLLAVAC,035,"GUIGLO, COMMUNE",95,35868,7312,0.2039,252,7060,67,0.0095,INDEPENDANT,SIHE JESUS,1150,0.1629,False
YLLAVAC,036,"TAI ET ZAGNE, COMMUNES ET SOUS-PREFECTURES",67,23648,7238,0.3061,250,6988,63,0.009000000000000001,INDEPENDANT,TIEDE ROBINSON POANHOULOU,71,0.0102,False
YLLAVAC,036,"TAI ET ZAGNE, COMMUNES ET SOUS-PREFECTURES",67,23648,7238,0.3061,250,6988,63,0.009000000000000001,INDEPENDANT,COULIBALY KAYAFEHE LACINA,334,0.0478,False
YLLAVAC,036,"TAI ET ZAGNE, COMMUNES ET SOUS-PREFECTURES",67,23648,7238,0.3061,250,6988,63,0.009000000000000001,RHDP,BAYALLA KOUYE MAYA HIPPOLYTE,4793,0.6859000000000001,True
YLLAVAC,036,"TAI ET ZAGNE, COMMUNES ET SOUS-PREFECTURES",67,23648,7238,0.3061,250,6988,63,0.009000000000000001,CODE,VIMPLOU DJEHI GUEHE,55,0.0079,False
YLLAVAC,036,"TAI ET ZAGNE, COMMUNES ET SOUS-PREFECTURES",67,23648,7238,0.3061,250,6988,63,0.009000000000000001,INDEPENDANT,GUIRE TCHERPKAHON EDGARD,87,0.0124,False
YLLAVAC,036,"TAI ET ZAGNE, COMMUNES ET SOUS-PREFECTURES",67,23648,7238,0.3061,250,6988,63,0.009000000000000001,PDCI-RDA,GNONKONTE GNESSOA DESIRE,1585,0.2268,False
YLLAVAC,037,"BAKOUBLI, MEO, NEZOBLY, PEHE, TIOBLY ET TOULEPLEU, COMMUNES ET SOUS-PREFECTURES",84,22722,11201,0.493,581,10620,115,0.0108,RHDP,OULOTO ANNE DESIREE,6465,0.6088,True
YLLAVAC,037,"BAKOUBLI, MEO, NEZOBLY, PEHE, TIOBLY ET TOULEPLEU, COMMUNES ET SOUS-PREFECTURES",84,22722,11201,0.493,581,10620,115,0.0108,ADCI,DESSAON DOUANGNININ FABRICE,297,0.027999999999999997,False
YLLAVAC,037,"BAKOUBLI, MEO, NEZOBLY, PEHE, TIOBLY ET TOULEPLEU, COMMUNES ET SOUS-PREFECTURES",84,22722,11201,0.493,581,10620,115,0.0108,INDEPENDANT,BROU KOUAME PACOME,124,0.011699999999999999,False
YLLAVAC,037,"BAKOUBLI, MEO, NEZOBLY, PEHE, TIOBLY ET TOULEPLEU, COMMUNES ET SOUS-PREFECTURES",84,22722,11201,0.493,581,10620,115,0.0108,PDCI-RDA,ZION KAH DENIS,3619,0.3408,False
NAJDIBA 'DEMONOTUATCIRTSID,038,"ABOBO, COMMUNE",1058,438021,107134,0.2446,2055,105079,1214,0.0116,INDEPENDANT,ABOBO RENAISSANCE,916,0.0087,False
NAJDIBA 'DEMONOTUATCIRTSID,038,"ABOBO, COMMUNE",1058,438021,107134,0.2446,2055,105079,1214,0.0116,AIDE,AGIR AUJOURDHUI POUR BATIR DEMAIN,1374,0.0131,False
NAJDIBA 'DEMONOTUATCIRTSID,038,"ABOBO, COMMUNE",1058,438021,107134,0.2446,2055,105079,1214,0.0116,RHDP,"UNE CÔTE DIVOIRE EN PAIX, PROSPERE ET SOLIDAIRE",92947,0.8845000000000001,True
NAJDIBA 'DEMONOTUATCIRTSID,038,"ABOBO, COMMUNE",1058,438021,107134,0.2446,2055,105079,1214,0.0116,PIA/PRI/CODE,OSONS LE CHANGEMENT,622,0.0059,False
NAJDIBA 'DEMONOTUATCIRTSID,038,"ABOBO, COMMUNE",1058,438021,107134,0.2446,2055,105079,1214,0.0116,INDEPENDANT,ENSEMBLE POUR UNE NOUVELLE VISION,647,0.0062,False
NAJDIBA 'DEMONOTUATCIRTSID,038,"ABOBO, COMMUNE",1058,438021,107134,0.2446,2055,105079,1214,0.0116,PDCI-RDA,TOUS ENSEMBLE POUR LA CÔTE D'IVOIRE,7359,0.07,False
NAJDIBA 'DEMONOTUATCIRTSID,039,"ADJAME, COMMUNE",284,118995,14608,0.12279999999999999,419,14189,148,0.0104,INDEPENDANT,ADJAME DJIGUI,653,0.046,False
NAJDIBA 'DEMONOTUATCIRTSID,039,"ADJAME, COMMUNE",284,118995,14608,0.12279999999999999,419,14189,148,0.0104,RHDP,"UNE COTE DIVOIRE EN PAIX, PROSPERE ET SOLIDAIRE",11152,0.7859999999999999,True
NAJDIBA 'DEMONOTUATCIRTSID,039,"ADJAME, COMMUNE",284,118995,14608,0.12279999999999999,419,14189,148,0.0104,INDEPENDANT,ADJAME LE BARA,444,0.0313,False
NAJDIBA 'DEMONOTUATCIRTSID,039,"ADJAME, COMMUNE",284,118995,14608,0.12279999999999999,419,14189,148,0.0104,INDEPENDANT,ALTERNATIVE NOUVELLE GENERATION,152,0.010700000000000001,False
NAJDIBA 'DEMONOTUATCIRTSID,039,"ADJAME, COMMUNE",284,118995,14608,0.12279999999999999,419,14189,148,0.0104,INDEPENDANT,TOUS UNIS POUR UN ADJAME MEILLEUR,282,0.0199,False
NAJDIBA 'DEMONOTUATCIRTSID,039,"ADJAME, COMMUNE",284,118995,14608,0.12279999999999999,419,14189,148,0.0104,PDCI-RDA,TOUS ENSEMBLE POUR LA CÔTE D'IVOIRE,1358,0.09570000000000001,False
NAJDIBA 'DEMONOTUATCIRTSID,040,"ATTECOUBE, COMMUNE",250,103500,22760,0.21989999999999998,382,22378,272,0.012199999999999999,RHDP,"UNE COTE DIVOIRE EN PAIX, PROSPERE ET SOLIDAIRE",18012,0.8049,True
NAJDIBA 'DEMONOTUATCIRTSID,040,"ATTECOUBE, COMMUNE",250,103500,22760,0.21989999999999998,382,22378,272,0.012199999999999999,INDEPENDANT,UNIR POUR LE CHANGEMENT,1054,0.0471,False
NAJDIBA 'DEMONOTUATCIRTSID,040,"ATTECOUBE, COMMUNE",250,103500,22760,0.21989999999999998,382,22378,272,0.012199999999999999,INDEPENDANT,LE COEUR POUR ATTECOUBE,187,0.0084,False
NAJDIBA 'DEMONOTUATCIRTSID,040,"ATTECOUBE, COMMUNE",250,103500,22760,0.21989999999999998,382,22378,272,0.012199999999999999,UNCI,SOLIDAIRE POUR TOUS,249,0.0111,False
NAJDIBA 'DEMONOTUATCIRTSID,040,"ATTECOUBE, COMMUNE",250,103500,22760,0.21989999999999998,382,22378,272,0.012199999999999999,INDEPENDANT,DEVELOPPEMENT ET PROGRES POUR ATTECOUBE,1395,0.0623,False
NAJDIBA 'DEMONOTUATCIRTSID,040,"ATTECOUBE, COMMUNE",250,103500,22760,0.21989999999999998,382,22378,272,0.012199999999999999,PDCI-RDA,TOUS ENSEMBLE POUR LA CÔTE D'IVOIRE,1209,0.054000000000000006,False
NAJDIBA 'DEMONOTUATCIRTSID,041,"COCODY, COMMUNE",667,279785,28279,0.1011,501,27778,241,0.0087,RHDP,UNE COTE DIVOIRE EN PAIX PROSPERE ET SOLIDAIRE,9269,0.3337,False
NAJDIBA 'DEMONOTUATCIRTSID,041,"COCODY, COMMUNE",667,279785,28279,0.1011,501,27778,241,0.0087,INDEPENDANT,COCODY SMART,34,0.0012,False
NAJDIBA 'DEMONOTUATCIRTSID,041,"COCODY, COMMUNE",667,279785,28279,0.1011,501,27778,241,0.0087,INDEPENDANT,ALLIANCE NOUVELLE POUR COCODY,133,0.0048,False
NAJDIBA 'DEMONOTUATCIRTSID,041,"COCODY, COMMUNE",667,279785,28279,0.1011,501,27778,241,0.0087,INDEPENDANT,NOUVELLE VISION POUR COCODY,90,0.0032,False
NAJDIBA 'DEMONOTUATCIRTSID,041,"COCODY, COMMUNE",667,279785,28279,0.1011,501,27778,241,0.0087,INDEPENDANT,LES ELUS AU SERVICE DU PEUPLE,667,0.024,False
NAJDIBA 'DEMONOTUATCIRTSID,041,"COCODY, COMMUNE",667,279785,28279,0.1011,501,27778,241,0.0087,INDEPENDANT,NOUVEL ESPOIR DE COCODY,184,0.0066,False
NAJDIBA 'DEMONOTUATCIRTSID,041,"COCODY, COMMUNE",667,279785,28279,0.1011,501,27778,241,0.0087,AIDE,ENSEMBLE POUR LE DEVELOPPEMENT,110,0.004,False
NAJDIBA 'DEMONOTUATCIRTSID,041,"COCODY, COMMUNE",667,279785,28279,0.1011,501,27778,241,0.0087,ADCI,"AUJOURDHUI DEMAIN, LA COTE DIVOIRE (ADCI)",1682,0.060599999999999994,False
NAJDIBA 'DEMONOTUATCIRTSID,041,"COCODY, COMMUNE",667,279785,28279,0.1011,501,27778,241,0.0087,INDEPENDANT,UNE IDEE POUR COCODY,105,0.0038,False
NAJDIBA 'DEMONOTUATCIRTSID,041,"COCODY, COMMUNE",667,279785,28279,0.1011,501,27778,241,0.0087,INDEPENDANT,PRO_COTE DIVOIRE POUR UN PARLEMENT DEFENSEUR DES POPULATIONS,46,0.0017000000000000001,False
NAJDIBA 'DEMONOTUATCIRTSID,041,"COCODY, COMMUNE",667,279785,28279,0.1011,501,27778,241,0.0087,INDEPENDANT,LA SOUVERAINTE AU SERVICE DU DEVELOPPEMENT DU CAPITAL HUMAIN,165,0.0059,False
NAJDIBA 'DEMONOTUATCIRTSID,041,"COCODY, COMMUNE",667,279785,28279,0.1011,501,27778,241,0.0087,INDEPENDANT,NOUVELLE VOIX,280,0.0101,False
NAJDIBA 'DEMONOTUATCIRTSID,041,"COCODY, COMMUNE",667,279785,28279,0.1011,501,27778,241,0.0087,INDEPENDANT,POUR LE PEUPLE,32,0.0012,False
NAJDIBA 'DEMONOTUATCIRTSID,041,"COCODY, COMMUNE",667,279785,28279,0.1011,501,27778,241,0.0087,PDCI-RDA,TOUS ENSEMBLE POUR LE CÔTE-DIVOIRE,14740,0.5306000000000001,True
NAJDIBA 'DEMONOTUATCIRTSID,041,"COCODY, COMMUNE",667,279785,28279,0.1011,501,27778,241,0.0087,RHDP,"UNE COTE DIVOIRE EN PAIX, PROSPERE ET SOLIDAIRE",23968,0.7434999999999999,True
NAJDIBA 'DEMONOTUATCIRTSID,042,"KOUMASSI, COMMUNE",429,,,,,,,,INDEPENDANT,GENERATIONS AVENIR,1085,0.0337,False
NAJDIBA 'DEMONOTUATCIRTSID,042,"KOUMASSI, COMMUNE",429,,,,,,,,PDCI-RDA,TOUS ENSEMBLE POUR LA CÔTE D'IVOIRE,6856,0.2127,False
NAJDIBA 'DEMONOTUATCIRTSID,043,"MARCORY, COMMUNE",268,112183,26325,0.2347,873,25452,197,0.0077,INDEPENDANT,POUR UN MARCORY NOUVEAU,279,0.011000000000000001,False
NAJDIBA 'DEMONOTUATCIRTSID,043,"MARCORY, COMMUNE",268,112183,26325,0.2347,873,25452,197,0.0077,INDEPENDANT,AMAGOU ZAHUI 2025,493,0.0194,False
NAJDIBA 'DEMONOTUATCIRTSID,043,"MARCORY, COMMUNE",268,112183,26325,0.2347,873,25452,197,0.0077,INDEPENDANT,PROGRES RIGUEUR EXCELLENCE,58,0.0023,False
NAJDIBA 'DEMONOTUATCIRTSID,043,"MARCORY, COMMUNE",268,112183,26325,0.2347,873,25452,197,0.0077,ADCI,"ADCI (AUJOURDHUI ET DEMAIN, LA CÔTE DIVOIRE)",296,0.0116,False
NAJDIBA 'DEMONOTUATCIRTSID,043,"MARCORY, COMMUNE",268,112183,26325,0.2347,873,25452,197,0.0077,RHDP,"UNE COTE DIVOIRE EN PAIX, PROSPERE ET SOLIDERE",13996,0.5499,True
NAJDIBA 'DEMONOTUATCIRTSID,043,"MARCORY, COMMUNE",268,112183,26325,0.2347,873,25452,197,0.0077,PDCI-RDA,TOUS ENSEMBLE POUR LA CÔTE D'IVOIRE,10133,0.3981,False
NAJDIBA 'DEMONOTUATCIRTSID,044,"PLATEAU, COMMUNE",228,97933,22944,0.2343,998,21946,181,0.008199999999999999,RHDP,OUATTARA DRAMANE,8864,0.4039,False
NAJDIBA 'DEMONOTUATCIRTSID,044,"PLATEAU, COMMUNE",228,97933,22944,0.2343,998,21946,181,0.008199999999999999,INDEPENDANT,FOFANA SINDOU,152,0.0069,False
NAJDIBA 'DEMONOTUATCIRTSID,044,"PLATEAU, COMMUNE",228,97933,22944,0.2343,998,21946,181,0.008199999999999999,PDCI-RDA,EHOUO JACQUES GABRIEL,12749,0.5809000000000001,True
NAJDIBA 'DEMONOTUATCIRTSID,045,"PORT-BOUET, COMMUNE",352,145545,24959,0.17149999999999999,994,23965,272,0.0113,INDEPENDANT,LA FORCE DU PEUPLE,99,0.0040999999999999995,False
NAJDIBA 'DEMONOTUATCIRTSID,045,"PORT-BOUET, COMMUNE",352,145545,24959,0.17149999999999999,994,23965,272,0.0113,ADCI,"AUJOURDHUI ET DEMAIN, LA COTE DIVOIRE",298,0.0124,False
NAJDIBA 'DEMONOTUATCIRTSID,045,"PORT-BOUET, COMMUNE",352,145545,24959,0.17149999999999999,994,23965,272,0.0113,RHDP,"UNE COTE DIVOIRE EN PAIX ,PROPERE ET SOLIDAIRE",8197,0.342,False
NAJDIBA 'DEMONOTUATCIRTSID,045,"PORT-BOUET, COMMUNE",352,145545,24959,0.17149999999999999,994,23965,272,0.0113,INDEPENDANT,VAINCRE LA PRECARITE,269,0.011200000000000002,False
NAJDIBA 'DEMONOTUATCIRTSID,045,"PORT-BOUET, COMMUNE",352,145545,24959,0.17149999999999999,994,23965,272,0.0113,INDEPENDANT,ESPOIR PORT BOUET,116,0.0048,False
NAJDIBA 'DEMONOTUATCIRTSID,045,"PORT-BOUET, COMMUNE",352,145545,24959,0.17149999999999999,994,23965,272,0.0113,INDEPENDANT,ENSSEMBLE ON TOURNE LA PAGE,206,0.0086,False
NAJDIBA 'DEMONOTUATCIRTSID,045,"PORT-BOUET, COMMUNE",352,145545,24959,0.17149999999999999,994,23965,272,0.0113,INDEPENDANT,ALLIANCE NOUVELLE GENERATION DES ELUS POLITIQUES DE COTE DIVOIRE,32,0.0013,False
NAJDIBA 'DEMONOTUATCIRTSID,045,"PORT-BOUET, COMMUNE",352,145545,24959,0.17149999999999999,994,23965,272,0.0113,PDCI-RDA,TOUS ENSEMBLE POUR LA CÔTE D'IVOIRE,14476,0.604,True
NAJDIBA 'DEMONOTUATCIRTSID,046,"TREICHVILLE, COMMUNE",151,63505,10658,0.1678,106,10552,64,0.0060999999999999995,INDEPENDANT,BLEHINE PODE THIERRY JOEL,116,0.011000000000000001,False
NAJDIBA 'DEMONOTUATCIRTSID,046,"TREICHVILLE, COMMUNE",151,63505,10658,0.1678,106,10552,64,0.0060999999999999995,INDEPENDANT,BAYE PAUL PIERRE VALENTIN,1147,0.10869999999999999,False
NAJDIBA 'DEMONOTUATCIRTSID,046,"TREICHVILLE, COMMUNE",151,63505,10658,0.1678,106,10552,64,0.0060999999999999995,INDEPENDANT,SOUMAORO GAOUSSOU GEORGES ELVIS,33,0.0031,False
NAJDIBA 'DEMONOTUATCIRTSID,046,"TREICHVILLE, COMMUNE",151,63505,10658,0.1678,106,10552,64,0.0060999999999999995,RHDP,KAMARA AMINATA EPSE TOUNGARA,7173,0.6798000000000001,True
NAJDIBA 'DEMONOTUATCIRTSID,046,"TREICHVILLE, COMMUNE",151,63505,10658,0.1678,106,10552,64,0.0060999999999999995,INDEPENDANT,TOURE IBRAHIME BEN NABIL,370,0.0351,False
NAJDIBA 'DEMONOTUATCIRTSID,046,"TREICHVILLE, COMMUNE",151,63505,10658,0.1678,106,10552,64,0.0060999999999999995,INDEPENDANT,BOMINAL SERI MICHEL,11,0.001,False
NAJDIBA 'DEMONOTUATCIRTSID,046,"TREICHVILLE, COMMUNE",151,63505,10658,0.1678,106,10552,64,0.0060999999999999995,PDCI-RDA,KOUASSI-LENOIR GERMAIN,1638,0.1552,False
NAJDIBA 'DEMONOTUATCIRTSID,046,"TREICHVILLE, COMMUNE",151,63505,10658,0.1678,106,10552,64,0.0060999999999999995,INDEPENDANT,YOPOUGON NOTRE PASSION,2106,0.029300000000000003,False
NAJDIBA 'DEMONOTUATCIRTSID,046,"TREICHVILLE, COMMUNE",151,63505,10658,0.1678,106,10552,64,0.0060999999999999995,RHDP,"UNE COTE DIVOIRE EN PAIX, PROPERE ET SOLIDAIRE",49017,0.6814,True
NAJDIBA 'DEMONOTUATCIRTSID,047,"YOPOUGON,COMMUNE",1320,,,,,,,,INDEPENDANT,LA VOIX DE YOPOUGON,533,0.0074,False
NAJDIBA 'DEMONOTUATCIRTSID,047,"YOPOUGON,COMMUNE",1320,,,,,,,,INDEPENDANT,NOUVELLE VISION,576,0.008,False
NAJDIBA 'DEMONOTUATCIRTSID,047,"YOPOUGON,COMMUNE",1320,,,,,,,,INDEPENDANT,UNIS POUR NOTRE COMMUNE YOPOUGON,238,0.0033,False
NAJDIBA 'DEMONOTUATCIRTSID,047,"YOPOUGON,COMMUNE",1320,,,,,,,,PDCI - FPI - ADCI,TOUS ENSEMBLE POUR LA COTE DIVOIRE,18757,0.2608,False
NAJDIBA 'DEMONOTUATCIRTSID,048,"ANYAMA ET BROFODOUME, COMMUNES ET SOUS- PREFECTURES",279,107529,22823,0.2122,597,22226,235,0.0106,INDEPENDANT,UNE NOUVELLE VISION POUR ANYAMA,706,0.0318,False
NAJDIBA 'DEMONOTUATCIRTSID,048,"ANYAMA ET BROFODOUME, COMMUNES ET SOUS- PREFECTURES",279,107529,22823,0.2122,597,22226,235,0.0106,INDEPENDANT,CITOYENS-UNIS POUR UN NOUVEL ANYAMA,416,0.0187,False
NAJDIBA 'DEMONOTUATCIRTSID,048,"ANYAMA ET BROFODOUME, COMMUNES ET SOUS- PREFECTURES",279,107529,22823,0.2122,597,22226,235,0.0106,INDEPENDANT,UNION POUR LA GRANDEUR D'ANYAMA,1412,0.0635,False
NAJDIBA 'DEMONOTUATCIRTSID,048,"ANYAMA ET BROFODOUME, COMMUNES ET SOUS- PREFECTURES",279,107529,22823,0.2122,597,22226,235,0.0106,INDEPENDANT,ACTIFS POUR ANYAMA-ADJOUALE,3206,0.1442,False
NAJDIBA 'DEMONOTUATCIRTSID,048,"ANYAMA ET BROFODOUME, COMMUNES ET SOUS- PREFECTURES",279,107529,22823,0.2122,597,22226,235,0.0106,INDEPENDANT,ENSEMBLE POUR ANYAMA,403,0.0181,False
NAJDIBA 'DEMONOTUATCIRTSID,048,"ANYAMA ET BROFODOUME, COMMUNES ET SOUS- PREFECTURES",279,107529,22823,0.2122,597,22226,235,0.0106,INDEPENDANT,LA TEAM KONÉ,305,0.0137,False
NAJDIBA 'DEMONOTUATCIRTSID,048,"ANYAMA ET BROFODOUME, COMMUNES ET SOUS- PREFECTURES",279,107529,22823,0.2122,597,22226,235,0.0106,RHDP,"UNE COTE DIVOIRE EN PAIX, PROSPERE ET SOLIDAIRE",8801,0.396,True
NAJDIBA 'DEMONOTUATCIRTSID,048,"ANYAMA ET BROFODOUME, COMMUNES ET SOUS- PREFECTURES",279,107529,22823,0.2122,597,22226,235,0.0106,INDEPENDANT,ENSEMBLE POUR UNE RENAISSANCE DURABLE,4578,0.20600000000000002,False
NAJDIBA 'DEMONOTUATCIRTSID,048,"ANYAMA ET BROFODOUME, COMMUNES ET SOUS- PREFECTURES",279,107529,22823,0.2122,597,22226,235,0.0106,INDEPENDANT,L'ESPOIR D'ANYAMA C'EST VOUS,103,0.0046,False
NAJDIBA 'DEMONOTUATCIRTSID,048,"ANYAMA ET BROFODOUME, COMMUNES ET SOUS- PREFECTURES",279,107529,22823,0.2122,597,22226,235,0.0106,INDEPENDANT,ALIANCE POUR LA VOIX ET LECOUTE DE NOS CONCITOYENS,732,0.0329,False
NAJDIBA 'DEMONOTUATCIRTSID,048,"ANYAMA ET BROFODOUME, COMMUNES ET SOUS- PREFECTURES",279,107529,22823,0.2122,597,22226,235,0.0106,MERCI,LE MERCI,164,0.0074,False
NAJDIBA 'DEMONOTUATCIRTSID,048,"ANYAMA ET BROFODOUME, COMMUNES ET SOUS- PREFECTURES",279,107529,22823,0.2122,597,22226,235,0.0106,PDCI-RDA,NOUVELLE VISION,1165,0.0524,False
NAJDIBA 'DEMONOTUATCIRTSID,049,"BINGERVILLE, COMMUNE ET SOUS-PREFECTURE",180,68611,15096,0.22,224,14872,62,0.0042,RHDP,DOUMBIA ISSOUF,6384,0.4293,True
NAJDIBA 'DEMONOTUATCIRTSID,049,"BINGERVILLE, COMMUNE ET SOUS-PREFECTURE",180,68611,15096,0.22,224,14872,62,0.0042,INDEPENDANT,FANNY FATOU,203,0.013600000000000001,False
NAJDIBA 'DEMONOTUATCIRTSID,049,"BINGERVILLE, COMMUNE ET SOUS-PREFECTURE",180,68611,15096,0.22,224,14872,62,0.0042,INDEPENDANT,OBOUO MELAINE EVRARD,446,0.03,False
NAJDIBA 'DEMONOTUATCIRTSID,049,"BINGERVILLE, COMMUNE ET SOUS-PREFECTURE",180,68611,15096,0.22,224,14872,62,0.0042,INDEPENDANT,HIEN KAMBIRE IBRAHIM,4792,0.3222,False
NAJDIBA 'DEMONOTUATCIRTSID,049,"BINGERVILLE, COMMUNE ET SOUS-PREFECTURE",180,68611,15096,0.22,224,14872,62,0.0042,ADCI,DALEBA NAHOUNOU PIERRE LAUTTI,506,0.034,False
NAJDIBA 'DEMONOTUATCIRTSID,049,"BINGERVILLE, COMMUNE ET SOUS-PREFECTURE",180,68611,15096,0.22,224,14872,62,0.0042,INDEPENDANT,ALOBOUE SERGE ERIC,109,0.0073,False
NAJDIBA 'DEMONOTUATCIRTSID,049,"BINGERVILLE, COMMUNE ET SOUS-PREFECTURE",180,68611,15096,0.22,224,14872,62,0.0042,URCI,KOUAME N'GUESSAN DESIRE,68,0.0046,False
NAJDIBA 'DEMONOTUATCIRTSID,049,"BINGERVILLE, COMMUNE ET SOUS-PREFECTURE",180,68611,15096,0.22,224,14872,62,0.0042,INDEPENDANT,ZAKO OLILI LARISSA ARMELLE RENEE,15,0.001,False
NAJDIBA 'DEMONOTUATCIRTSID,049,"BINGERVILLE, COMMUNE ET SOUS-PREFECTURE",180,68611,15096,0.22,224,14872,62,0.0042,INDEPENDANT,KOUAME KOFFI FRANCK AIME,38,0.0026,False
NAJDIBA 'DEMONOTUATCIRTSID,049,"BINGERVILLE, COMMUNE ET SOUS-PREFECTURE",180,68611,15096,0.22,224,14872,62,0.0042,PDCI-RDA,BEUGRE DJOMAN,2249,0.1512,False
NAJDIBA 'DEMONOTUATCIRTSID,050,"SONGON, COMMUNE ET SOUS-PREFECTURE",122,43864,33793,0.7704000000000001,281,33512,193,0.0058,INDEPENDANT,AKRE BIEFFO STEPHANE,388,0.0116,False
NAJDIBA 'DEMONOTUATCIRTSID,050,"SONGON, COMMUNE ET SOUS-PREFECTURE",122,43864,33793,0.7704000000000001,281,33512,193,0.0058,RHDP,MAMBE BEUGRE ROBERT,31927,0.9527,True
NAJDIBA 'DEMONOTUATCIRTSID,050,"SONGON, COMMUNE ET SOUS-PREFECTURE",122,43864,33793,0.7704000000000001,281,33512,193,0.0058,INDEPENDANT,SEA ROY JEAN ROMARIC,336,0.01,False
NAJDIBA 'DEMONOTUATCIRTSID,050,"SONGON, COMMUNE ET SOUS-PREFECTURE",122,43864,33793,0.7704000000000001,281,33512,193,0.0058,INDEPENDANT,NDE ANGRE MOISE,419,0.0125,False
NAJDIBA 'DEMONOTUATCIRTSID,050,"SONGON, COMMUNE ET SOUS-PREFECTURE",122,43864,33793,0.7704000000000001,281,33512,193,0.0058,INDEPENDANT,DAGO PRISCA LARISSA GOUGOUHONON,249,0.0074,False
ORKUOSSUOMAYEDEMONOTUATCIRTSID,051,"ATIIEGOUAKRO ET LOLOBO, COMMUNES ET SOUS- PREFECTURES",61,22039,7804,0.35409999999999997,219,7585,93,0.0123,INDEPENDANT,YAO KONAN GLOUA SAME,124,0.0163,False
ORKUOSSUOMAYEDEMONOTUATCIRTSID,051,"ATIIEGOUAKRO ET LOLOBO, COMMUNES ET SOUS- PREFECTURES",61,22039,7804,0.35409999999999997,219,7585,93,0.0123,INDEPENDANT,YAO LOUKOU GILBERT,28,0.0037,False
ORKUOSSUOMAYEDEMONOTUATCIRTSID,051,"ATIIEGOUAKRO ET LOLOBO, COMMUNES ET SOUS- PREFECTURES",61,22039,7804,0.35409999999999997,219,7585,93,0.0123,INDEPENDANT,BROU KOUAKOU JEAN-BAPTISTE,45,0.0059,False
ORKUOSSUOMAYEDEMONOTUATCIRTSID,051,"ATIIEGOUAKRO ET LOLOBO, COMMUNES ET SOUS- PREFECTURES",61,22039,7804,0.35409999999999997,219,7585,93,0.0123,ADCI,NDRI KOUAME YVES,152,0.02,False
ORKUOSSUOMAYEDEMONOTUATCIRTSID,051,"ATIIEGOUAKRO ET LOLOBO, COMMUNES ET SOUS- PREFECTURES",61,22039,7804,0.35409999999999997,219,7585,93,0.0123,RHDP,KOFFI NGORAN JUSTIN,3618,0.47700000000000004,True
ORKUOSSUOMAYEDEMONOTUATCIRTSID,051,"ATIIEGOUAKRO ET LOLOBO, COMMUNES ET SOUS- PREFECTURES",61,22039,7804,0.35409999999999997,219,7585,93,0.0123,PDCI-RDA,KONAN KOFFI MARIUS,3525,0.4647,False
ORKUOSSUOMAYEDEMONOTUATCIRTSID,052,"KOSSOU, COMMUNE ET SOUS-PREFECTURE, YAMOUSSOUKRO, SOUS-PREFECTURE",62,19294,5120,0.26539999999999997,174,4946,75,0.0152,LE BUFFLE,KOFFI KOUAKOU KOUHOURE LEANDRE,1159,0.2343,True
ORKUOSSUOMAYEDEMONOTUATCIRTSID,052,"KOSSOU, COMMUNE ET SOUS-PREFECTURE, YAMOUSSOUKRO, SOUS-PREFECTURE",62,19294,5120,0.26539999999999997,174,4946,75,0.0152,INDEPENDANT,SEYDOU OUATTARA,100,0.0202,False
ORKUOSSUOMAYEDEMONOTUATCIRTSID,052,"KOSSOU, COMMUNE ET SOUS-PREFECTURE, YAMOUSSOUKRO, SOUS-PREFECTURE",62,19294,5120,0.26539999999999997,174,4946,75,0.0152,INDEPENDANT,OKA ALAIN THIERRY,171,0.0346,False
ORKUOSSUOMAYEDEMONOTUATCIRTSID,052,"KOSSOU, COMMUNE ET SOUS-PREFECTURE, YAMOUSSOUKRO, SOUS-PREFECTURE",62,19294,5120,0.26539999999999997,174,4946,75,0.0152,INDEPENDANT,BIFFI KOUADIO MACAIRE-JEAN,950,0.19210000000000002,False
ORKUOSSUOMAYEDEMONOTUATCIRTSID,052,"KOSSOU, COMMUNE ET SOUS-PREFECTURE, YAMOUSSOUKRO, SOUS-PREFECTURE",62,19294,5120,0.26539999999999997,174,4946,75,0.0152,INDEPENDANT,KOUAME ELVIS KOUADIO,107,0.0216,False
ORKUOSSUOMAYEDEMONOTUATCIRTSID,052,"KOSSOU, COMMUNE ET SOUS-PREFECTURE, YAMOUSSOUKRO, SOUS-PREFECTURE",62,19294,5120,0.26539999999999997,174,4946,75,0.0152,ADCI,AKPETOU KOUAME LAZARE,55,0.0111,False
ORKUOSSUOMAYEDEMONOTUATCIRTSID,052,"KOSSOU, COMMUNE ET SOUS-PREFECTURE, YAMOUSSOUKRO, SOUS-PREFECTURE",62,19294,5120,0.26539999999999997,174,4946,75,0.0152,RHDP,N'GUESSAN BEWAN ANICET,1107,0.2238,False
ORKUOSSUOMAYEDEMONOTUATCIRTSID,052,"KOSSOU, COMMUNE ET SOUS-PREFECTURE, YAMOUSSOUKRO, SOUS-PREFECTURE",62,19294,5120,0.26539999999999997,174,4946,75,0.0152,INDEPENDANT,LOUKOU KOUAME RICHARD,186,0.037599999999999995,False
ORKUOSSUOMAYEDEMONOTUATCIRTSID,052,"KOSSOU, COMMUNE ET SOUS-PREFECTURE, YAMOUSSOUKRO, SOUS-PREFECTURE",62,19294,5120,0.26539999999999997,174,4946,75,0.0152,INDEPENDANT,BOA ETCHEGNE SYLVAIN PRUDENCE,141,0.0285,False
ORKUOSSUOMAYEDEMONOTUATCIRTSID,052,"KOSSOU, COMMUNE ET SOUS-PREFECTURE, YAMOUSSOUKRO, SOUS-PREFECTURE",62,19294,5120,0.26539999999999997,174,4946,75,0.0152,INDEPENDANT,AMANI KOFFI JEROME,7,0.0014000000000000002,False
ORKUOSSUOMAYEDEMONOTUATCIRTSID,052,"KOSSOU, COMMUNE ET SOUS-PREFECTURE, YAMOUSSOUKRO, SOUS-PREFECTURE",62,19294,5120,0.26539999999999997,174,4946,75,0.0152,INDEPENDANT,KONAN KONAN EVRAD,147,0.0297,False
ORKUOSSUOMAYEDEMONOTUATCIRTSID,052,"KOSSOU, COMMUNE ET SOUS-PREFECTURE, YAMOUSSOUKRO, SOUS-PREFECTURE",62,19294,5120,0.26539999999999997,174,4946,75,0.0152,PDCI-RDA,KOUAME KONAN EDOUARD,730,0.1476,False
ORKUOSSUOMAYEDEMONOTUATCIRTSID,052,"KOSSOU, COMMUNE ET SOUS-PREFECTURE, YAMOUSSOUKRO, SOUS-PREFECTURE",62,19294,5120,0.26539999999999997,174,4946,75,0.0152,INDEPENDANT,KOUACOU AHOU JOSEE DESTHER,11,0.0022,False
ORKUOSSUOMAYEDEMONOTUATCIRTSID,053,"YAMOUSSOUKRO,COMMUNE",288,118151,36304,0.3073,756,35548,327,0.0092,INDEPENDANT,ESPOIR,106,0.003,False
ORKUOSSUOMAYEDEMONOTUATCIRTSID,053,"YAMOUSSOUKRO,COMMUNE",288,118151,36304,0.3073,756,35548,327,0.0092,RHDP,"UNE CÔTE DIVOIRE EN PAIX, PROSPERE ET SOLIDAIRE",22070,0.6209,True
ORKUOSSUOMAYEDEMONOTUATCIRTSID,053,"YAMOUSSOUKRO,COMMUNE",288,118151,36304,0.3073,756,35548,327,0.0092,INDEPENDANT,BATISSONS ENSEMBLE LA NATION IVOIRIENNE,141,0.004,False
ORKUOSSUOMAYEDEMONOTUATCIRTSID,053,"YAMOUSSOUKRO,COMMUNE",288,118151,36304,0.3073,756,35548,327,0.0092,PDCI-RDA,TOUS ENSEMBLE POUR LA CÔTE D'IVOIRE,12904,0.363,False
NOLOF,054,"GOULIA, TIENKO, MAHANDIANA-SOKOURANI ET KIMBIRILA- NORD, COMMUNES ET SOUS-PREFECTURES",98,30154,21695,0.7195,296,21399,422,0.0197,INDEPENDANT,KONE LANCINE,10274,0.48009999999999997,False
NOLOF,054,"GOULIA, TIENKO, MAHANDIANA-SOKOURANI ET KIMBIRILA- NORD, COMMUNES ET SOUS-PREFECTURES",98,30154,21695,0.7195,296,21399,422,0.0197,RHDP,SIDIBE BERRY,10703,0.5002,True
NOLOF,055,"KANIASSO, MINIGNAN ET SOKORO, COMMUNES ET SOUS- PREFECTURES",60,19524,12753,0.6531999999999999,144,12609,121,0.0096,INDEPENDANT,KONE MAMERY,3651,0.2896,False
NOLOF,055,"KANIASSO, MINIGNAN ET SOKORO, COMMUNES ET SOUS- PREFECTURES",60,19524,12753,0.6531999999999999,144,12609,121,0.0096,INDEPENDANT,KALILOU CAMARA,268,0.0213,False
NOLOF,055,"KANIASSO, MINIGNAN ET SOKORO, COMMUNES ET SOUS- PREFECTURES",60,19524,12753,0.6531999999999999,144,12609,121,0.0096,INDEPENDANT,BAMBA KARIM,383,0.0304,False
NOLOF,055,"KANIASSO, MINIGNAN ET SOKORO, COMMUNES ET SOUS- PREFECTURES",60,19524,12753,0.6531999999999999,144,12609,121,0.0096,RHDP,SIDIBE NOUMORY,8154,0.6467,True
NOLOF,055,"KANIASSO, MINIGNAN ET SOKORO, COMMUNES ET SOUS- PREFECTURES",60,19524,12753,0.6531999999999999,144,12609,121,0.0096,CODE,TOURE MAMADOU,32,0.0025,False
EKEBG,056,"ANDO-KEKRENOU, BEOUMI ET KONDROBO, COMMUNES ET SOUS-PREFECTURES",129,39082,15791,0.40399999999999997,718,15073,166,0.011000000000000001,INDEPENDANT,ENSEMBLE POUR NOTRE BEOUMI,4628,0.307,False
EKEBG,056,"ANDO-KEKRENOU, BEOUMI ET KONDROBO, COMMUNES ET SOUS-PREFECTURES",129,39082,15791,0.40399999999999997,718,15073,166,0.011000000000000001,ADCI,"ADCI (Aujourd'hui et demain, la Côte D'Ivoire)",154,0.0102,False
EKEBG,056,"ANDO-KEKRENOU, BEOUMI ET KONDROBO, COMMUNES ET SOUS-PREFECTURES",129,39082,15791,0.40399999999999997,718,15073,166,0.011000000000000001,INDEPENDANT,LA VOIX DE BEOUMI POUR LA COTE DIVOIRE,192,0.0127,False
EKEBG,056,"ANDO-KEKRENOU, BEOUMI ET KONDROBO, COMMUNES ET SOUS-PREFECTURES",129,39082,15791,0.40399999999999997,718,15073,166,0.011000000000000001,INDEPENDANT,BEOUMI EN MARCHE,200,0.013300000000000001,False
EKEBG,056,"ANDO-KEKRENOU, BEOUMI ET KONDROBO, COMMUNES ET SOUS-PREFECTURES",129,39082,15791,0.40399999999999997,718,15073,166,0.011000000000000001,RHDP,"UNE COTE DIVOIRE EN PAIX,PROSPERE ET SOLIDAIRE",3559,0.2361,False
EKEBG,056,"ANDO-KEKRENOU, BEOUMI ET KONDROBO, COMMUNES ET SOUS-PREFECTURES",129,39082,15791,0.40399999999999997,718,15073,166,0.011000000000000001,INDEPENDANT,ENTENTE POUR LE DEVELOPPEMENT,440,0.0292,False
EKEBG,056,"ANDO-KEKRENOU, BEOUMI ET KONDROBO, COMMUNES ET SOUS-PREFECTURES",129,39082,15791,0.40399999999999997,718,15073,166,0.011000000000000001,PDCI-RDA,TOUS ENSEMBLE POUR LA CÔTE D'IVOIRE,5734,0.3804,True
EKEBG,057,"BODOKRO, LOLOBO ET N'GUESSANKRO, COMMUNES ET SOUS-PREFECTURES",76,20187,7420,0.3676,236,7184,78,0.0109,INDEPENDANT,KOUAKOU KOUAME MAXIME,3375,0.4698,True
EKEBG,057,"BODOKRO, LOLOBO ET N'GUESSANKRO, COMMUNES ET SOUS-PREFECTURES",76,20187,7420,0.3676,236,7184,78,0.0109,RHDP,KOUAME ATTINGBRE,1600,0.2227,False
EKEBG,057,"BODOKRO, LOLOBO ET N'GUESSANKRO, COMMUNES ET SOUS-PREFECTURES",76,20187,7420,0.3676,236,7184,78,0.0109,INDEPENDANT,N'GUESSAN KOUADIO JULES,261,0.0363,False
EKEBG,057,"BODOKRO, LOLOBO ET N'GUESSANKRO, COMMUNES ET SOUS-PREFECTURES",76,20187,7420,0.3676,236,7184,78,0.0109,FPI,KOUASSI YAO RAPHAËL,329,0.0458,False
EKEBG,057,"BODOKRO, LOLOBO ET N'GUESSANKRO, COMMUNES ET SOUS-PREFECTURES",76,20187,7420,0.3676,236,7184,78,0.0109,PDCI-RDA,SAHOURE N'GUESSAN PATRICE,1541,0.2145,False
EKEBG,058,"BOTRO ET KROFOINSOU, COMMUNES ET SOUS- PREFECTURES",64,15712,6698,0.4263,231,6467,56,0.0087,INDEPENDANT,YAO KOUASSI NOGUES,208,0.0322,False
EKEBG,058,"BOTRO ET KROFOINSOU, COMMUNES ET SOUS- PREFECTURES",64,15712,6698,0.4263,231,6467,56,0.0087,RHDP,YAO KOUASSI MAURICE,3639,0.5627,True
EKEBG,058,"BOTRO ET KROFOINSOU, COMMUNES ET SOUS- PREFECTURES",64,15712,6698,0.4263,231,6467,56,0.0087,INDEPENDANT,KOUADIO KOUASSI LANDRY,289,0.0447,False
EKEBG,058,"BOTRO ET KROFOINSOU, COMMUNES ET SOUS- PREFECTURES",64,15712,6698,0.4263,231,6467,56,0.0087,INDEPENDANT,GNAMIEN KONAN,221,0.0342,False
EKEBG,058,"BOTRO ET KROFOINSOU, COMMUNES ET SOUS- PREFECTURES",64,15712,6698,0.4263,231,6467,56,0.0087,INDEPENDANT,DIABY AMADOU,79,0.012199999999999999,False
EKEBG,058,"BOTRO ET KROFOINSOU, COMMUNES ET SOUS- PREFECTURES",64,15712,6698,0.4263,231,6467,56,0.0087,PDCI-RDA,AZAGOH-KOUADIO RICHARD,1975,0.3054,False
EKEBG,059,"DIABO ET LANGUIBONOU, COMMUNES ET SOUS- PREFECTURES",108,27040,10747,0.39740000000000003,363,10384,147,0.014199999999999999,RHDP,ASSAHORE KONAN JACQUES,6758,0.6507999999999999,True
EKEBG,059,"DIABO ET LANGUIBONOU, COMMUNES ET SOUS- PREFECTURES",108,27040,10747,0.39740000000000003,363,10384,147,0.014199999999999999,INDEPENDANT,YAO-KOUAME ALBERT,78,0.0075,False
EKEBG,059,"DIABO ET LANGUIBONOU, COMMUNES ET SOUS- PREFECTURES",108,27040,10747,0.39740000000000003,363,10384,147,0.014199999999999999,INDEPENDANT,BROU KOUASSI FELICIEN,57,0.0055000000000000005,False
EKEBG,059,"DIABO ET LANGUIBONOU, COMMUNES ET SOUS- PREFECTURES",108,27040,10747,0.39740000000000003,363,10384,147,0.014199999999999999,INDEPENDANT,KOUADIO KOUAME EMMANUEL,80,0.0077,False
EKEBG,059,"DIABO ET LANGUIBONOU, COMMUNES ET SOUS- PREFECTURES",108,27040,10747,0.39740000000000003,363,10384,147,0.014199999999999999,INDEPENDANT,YAO BETTY ARIANE REBECCA MARIE,598,0.0576,False
EKEBG,059,"DIABO ET LANGUIBONOU, COMMUNES ET SOUS- PREFECTURES",108,27040,10747,0.39740000000000003,363,10384,147,0.014199999999999999,INDEPENDANT,N'GUESSAN KOUADIO LEONCE,22,0.0021,False
EKEBG,059,"DIABO ET LANGUIBONOU, COMMUNES ET SOUS- PREFECTURES",108,27040,10747,0.39740000000000003,363,10384,147,0.014199999999999999,PDCI-RDA,HOUSSOU KOUADIO CHRISTOPHE,2644,0.2546,False
EKEBG,060,"BOUAKE, VILLE",710,277859,114172,0.41090000000000004,1375,112797,1179,0.0105,RHDP,"UNE CÔTE DIVOIRE EN PAIX, PROSPERE ET SOLIDARITE",111618,0.9895,True
EKEBG,060,"BOUAKE, VILLE",710,277859,114172,0.41090000000000004,1375,112797,1179,0.0105,CODE,OSONS LE CHANGEMENT,692,0.061,False
EKEBG,060,"BOUAKE, VILLE",710,277859,114172,0.41090000000000004,1375,112797,1179,0.0105,GP-PAIX,PAIX-UNITE-PROSPERITE,300,0.0264,False
EKEBG,061,"BOUNDA, BROBO ET MAMINI, COMMUNES ET SOUS- PREFECTURES, BOUAKE, SOUS-PREFECTURE",136,29385,11859,0.4036,511,11348,143,0.0126,INDEPENDANT,"VISION, INTEGRITE, ESPOIR",940,0.0828,False
EKEBG,061,"BOUNDA, BROBO ET MAMINI, COMMUNES ET SOUS- PREFECTURES, BOUAKE, SOUS-PREFECTURE",136,29385,11859,0.4036,511,11348,143,0.0126,RHDP,"UNE COTE D""IVOIRE EN PAIX,PROSPERE ET SOLIDAIRE",5421,0.4777,True
EKEBG,061,"BOUNDA, BROBO ET MAMINI, COMMUNES ET SOUS- PREFECTURES, BOUAKE, SOUS-PREFECTURE",136,29385,11859,0.4036,511,11348,143,0.0126,PDCI-RDA,TOUS ENSEMBLE POUR LA CÔTE D'IVOIRE,3771,0.3323,False
EKEBG,061,"BOUNDA, BROBO ET MAMINI, COMMUNES ET SOUS- PREFECTURES, BOUAKE, SOUS-PREFECTURE",136,29385,11859,0.4036,511,11348,143,0.0126,INDEPENDANT,UNION-DYNAMISME-ENTRAIDE,81,0.0070999999999999995,False
EKEBG,062,"DJEBONOUA, COMMUNE ET SOUS-PREFECTURE",53,13760,5286,0.38420000000000004,173,5113,59,0.0115,ADCI,KONAN YAO AUBIN,60,0.011699999999999999,False
EKEBG,062,"DJEBONOUA, COMMUNE ET SOUS-PREFECTURE",53,13760,5286,0.38420000000000004,173,5113,59,0.0115,INDEPENDANT,TAIGUAIN KOFFI EDMOND,243,0.0475,False
EKEBG,062,"DJEBONOUA, COMMUNE ET SOUS-PREFECTURE",53,13760,5286,0.38420000000000004,173,5113,59,0.0115,INDEPENDANT,KOUAME KOUASSI GUSTAVE,1224,0.2394,False
EKEBG,062,"DJEBONOUA, COMMUNE ET SOUS-PREFECTURE",53,13760,5286,0.38420000000000004,173,5113,59,0.0115,INDEPENDANT,KOUADIO DIE,60,0.011699999999999999,False
EKEBG,062,"DJEBONOUA, COMMUNE ET SOUS-PREFECTURE",53,13760,5286,0.38420000000000004,173,5113,59,0.0115,INDEPENDANT,DJE EDEPHOUET JACQUES ARNAUD,82,0.016,False
EKEBG,062,"DJEBONOUA, COMMUNE ET SOUS-PREFECTURE",53,13760,5286,0.38420000000000004,173,5113,59,0.0115,RHDP,ALLALI JUSTICE EULOGE BENIANSOU,441,0.0863,False
EKEBG,062,"DJEBONOUA, COMMUNE ET SOUS-PREFECTURE",53,13760,5286,0.38420000000000004,173,5113,59,0.0115,PDCI-RDA,YAO KOUADIO ROLAND,2944,0.5758,True
EKEBG,063,"AYAOU-SRAN, DIBRI-ASRIKRO, SAKASSOU ET TOUMODI- SAKASSOU, COMMUNES ET SOUS-PREFECTURES",143,38024,11752,0.3091,377,11375,163,0.0143,INDEPENDANT,KOUADIO KPANNIGO N'GUESSAN VALERIE,1155,0.1015,False
EKEBG,063,"AYAOU-SRAN, DIBRI-ASRIKRO, SAKASSOU ET TOUMODI- SAKASSOU, COMMUNES ET SOUS-PREFECTURES",143,38024,11752,0.3091,377,11375,163,0.0143,INDEPENDANT,N'GUESSAN KOUASSI DENIS,34,0.003,False
EKEBG,063,"AYAOU-SRAN, DIBRI-ASRIKRO, SAKASSOU ET TOUMODI- SAKASSOU, COMMUNES ET SOUS-PREFECTURES",143,38024,11752,0.3091,377,11375,163,0.0143,INDEPENDANT,KOUASSI HERMANN RODOLPHE,284,0.025,False
EKEBG,063,"AYAOU-SRAN, DIBRI-ASRIKRO, SAKASSOU ET TOUMODI- SAKASSOU, COMMUNES ET SOUS-PREFECTURES",143,38024,11752,0.3091,377,11375,163,0.0143,CODE,ZELIA KAKAUF ABOH KOFFI,177,0.015600000000000001,False
EKEBG,063,"AYAOU-SRAN, DIBRI-ASRIKRO, SAKASSOU ET TOUMODI- SAKASSOU, COMMUNES ET SOUS-PREFECTURES",143,38024,11752,0.3091,377,11375,163,0.0143,INDEPENDANT,KOFFI KOUACOU BENOIT,214,0.018799999999999997,False
EKEBG,063,"AYAOU-SRAN, DIBRI-ASRIKRO, SAKASSOU ET TOUMODI- SAKASSOU, COMMUNES ET SOUS-PREFECTURES",143,38024,11752,0.3091,377,11375,163,0.0143,RHDP,TOTO KOUADIO YVES,3597,0.31620000000000004,False
EKEBG,063,"AYAOU-SRAN, DIBRI-ASRIKRO, SAKASSOU ET TOUMODI- SAKASSOU, COMMUNES ET SOUS-PREFECTURES",143,38024,11752,0.3091,377,11375,163,0.0143,ADCI,TOTO KONAN VALENTIN,781,0.0687,False
EKEBG,063,"AYAOU-SRAN, DIBRI-ASRIKRO, SAKASSOU ET TOUMODI- SAKASSOU, COMMUNES ET SOUS-PREFECTURES",143,38024,11752,0.3091,377,11375,163,0.0143,PDCI-RDA,KOUADIO KOUAME EUGENE,4970,0.43689999999999996,True
ELKOBG,064,"DAKPADOU ET SAGO, COMMUNES ET SOUS·PREFECTURES",71,19602,6919,0.353,108,6811,118,0.0173,RHDP,KEBE MAHAMADOU,4897,0.7190000000000001,True
ELKOBG,064,"DAKPADOU ET SAGO, COMMUNES ET SOUS·PREFECTURES",71,19602,6919,0.353,108,6811,118,0.0173,INDEPENDANT,YAO KONAN PAUL STEPHANE GISCARD RUFFIN,411,0.0603,False
ELKOBG,064,"DAKPADOU ET SAGO, COMMUNES ET SOUS·PREFECTURES",71,19602,6919,0.353,108,6811,118,0.0173,PDCI-RDA,GBALET DAKOURY DENIS,1385,0.20329999999999998,False
ELKOBG,064,"DAKPADOU ET SAGO, COMMUNES ET SOUS·PREFECTURES",71,19602,6919,0.353,108,6811,118,0.0173,INDEPENDANT,KACOU MEA D'ASSIE JUSTIN KEVIN,4032,0.5513,True
ELKOBG,065,"GRIHIRI, LOBAKUYA, MEDON ET SASSANDRA, COMMUNES ET SOUS-PREFECTURES",104,,,,,,,,RHDP,FREGBO GUETE BASILE MESMIN,2632,0.3599,False
ELKOBG,065,"GRIHIRI, LOBAKUYA, MEDON ET SASSANDRA, COMMUNES ET SOUS-PREFECTURES",104,,,,,,,,UDCY,GOUHIZOUN N'DA PATRICK JEAN KOUAME,74,0.0101,False
ELKOBG,065,"GRIHIRI, LOBAKUYA, MEDON ET SASSANDRA, COMMUNES ET SOUS-PREFECTURES",104,,,,,,,,INDEPENDANT,DIAKITE MOHAMED,111,0.0152,False
ELKOBG,065,"GRIHIRI, LOBAKUYA, MEDON ET SASSANDRA, COMMUNES ET SOUS-PREFECTURES",104,,,,,,,,PDCI-RDA,GOUDARD AGOUA MOISE-HONORAT,403,0.055099999999999996,False
ELKOBG,066,"DAHIRI, FRESCO ET GBAGBAM, COMMUNES ET SOUS- PREFECTURES",82,19869,6546,0.3295,155,6391,57,0.0089,INDEPENDANT,NANAN KOFFI,303,0.047400000000000005,False
ELKOBG,066,"DAHIRI, FRESCO ET GBAGBAM, COMMUNES ET SOUS- PREFECTURES",82,19869,6546,0.3295,155,6391,57,0.0089,INDEPENDANT,SAMA DAMALAN JANVIER,967,0.15130000000000002,False
ELKOBG,066,"DAHIRI, FRESCO ET GBAGBAM, COMMUNES ET SOUS- PREFECTURES",82,19869,6546,0.3295,155,6391,57,0.0089,RHDP,LEGRE DAKPA PHILIPPE,2976,0.4657,True
ELKOBG,066,"DAHIRI, FRESCO ET GBAGBAM, COMMUNES ET SOUS- PREFECTURES",82,19869,6546,0.3295,155,6391,57,0.0089,ADCI,ABALE BASILE HENRI,85,0.013300000000000001,False
ELKOBG,066,"DAHIRI, FRESCO ET GBAGBAM, COMMUNES ET SOUS- PREFECTURES",82,19869,6546,0.3295,155,6391,57,0.0089,INDEPENDANT,KPREKPRE ZILIHONON BERNADETTE ERNESTINE SYLVIE,1625,0.25429999999999997,False
ELKOBG,066,"DAHIRI, FRESCO ET GBAGBAM, COMMUNES ET SOUS- PREFECTURES",82,19869,6546,0.3295,155,6391,57,0.0089,PDCI-RDA,ZAMA JEAN-LUC,378,0.0591,False
HOG,067,"BAYOTA, DAHIEPA·KEHI, OURAGAHIO ET YOPOHUE, COMMUNES ET SOUS-PREFECTURES",150,42324,10693,0.2526,274,10419,166,0.0159,INDEPENDANT,YORO ALAIN MICHEL,67,0.0064,False
HOG,067,"BAYOTA, DAHIEPA·KEHI, OURAGAHIO ET YOPOHUE, COMMUNES ET SOUS-PREFECTURES",150,42324,10693,0.2526,274,10419,166,0.0159,INDEPENDANT,GOLLO-TABLEY ROBERT GABRIEL,121,0.0116,False
HOG,067,"BAYOTA, DAHIEPA·KEHI, OURAGAHIO ET YOPOHUE, COMMUNES ET SOUS-PREFECTURES",150,42324,10693,0.2526,274,10419,166,0.0159,INDEPENDANT,DOUAI LEGRE GERMAIN,1582,0.1518,False
HOG,067,"BAYOTA, DAHIEPA·KEHI, OURAGAHIO ET YOPOHUE, COMMUNES ET SOUS-PREFECTURES",150,42324,10693,0.2526,274,10419,166,0.0159,INDEPENDANT,GBEKEDI DOUHABOU NOEL,63,0.006,False
HOG,067,"BAYOTA, DAHIEPA·KEHI, OURAGAHIO ET YOPOHUE, COMMUNES ET SOUS-PREFECTURES",150,42324,10693,0.2526,274,10419,166,0.0159,EDS,GAROU ANTONI,418,0.0401,False
HOG,067,"BAYOTA, DAHIEPA·KEHI, OURAGAHIO ET YOPOHUE, COMMUNES ET SOUS-PREFECTURES",150,42324,10693,0.2526,274,10419,166,0.0159,PDCI-RDA,KONE-OBRE DEPROU CYRIELLE EMMANUELLE,1819,0.1746,False
HOG,067,"BAYOTA, DAHIEPA·KEHI, OURAGAHIO ET YOPOHUE, COMMUNES ET SOUS-PREFECTURES",150,42324,10693,0.2526,274,10419,166,0.0159,MGC,GOURI KOUDOUGNON ALAIN,140,0.0134,False
HOG,067,"BAYOTA, DAHIEPA·KEHI, OURAGAHIO ET YOPOHUE, COMMUNES ET SOUS-PREFECTURES",150,42324,10693,0.2526,274,10419,166,0.0159,INDEPENDANT,KRIZO NICOLE FLEUR REGINA,42,0.004,False
HOG,067,"BAYOTA, DAHIEPA·KEHI, OURAGAHIO ET YOPOHUE, COMMUNES ET SOUS-PREFECTURES",150,42324,10693,0.2526,274,10419,166,0.0159,INDEPENDANT,SOGO AYMAR TANGUY BLAIS,662,0.0635,False
HOG,067,"BAYOTA, DAHIEPA·KEHI, OURAGAHIO ET YOPOHUE, COMMUNES ET SOUS-PREFECTURES",150,42324,10693,0.2526,274,10419,166,0.0159,INDEPENDANT,DJEDJE BAGNON MARIUS BIENVENU,621,0.0596,False
HOG,067,"BAYOTA, DAHIEPA·KEHI, OURAGAHIO ET YOPOHUE, COMMUNES ET SOUS-PREFECTURES",150,42324,10693,0.2526,274,10419,166,0.0159,RHDP,KONE ISSA,2749,0.2638,True
HOG,067,"BAYOTA, DAHIEPA·KEHI, OURAGAHIO ET YOPOHUE, COMMUNES ET SOUS-PREFECTURES",150,42324,10693,0.2526,274,10419,166,0.0159,INDEPENDANT,DALLY PRUDENCE SONIA,299,0.0287,False
HOG,067,"BAYOTA, DAHIEPA·KEHI, OURAGAHIO ET YOPOHUE, COMMUNES ET SOUS-PREFECTURES",150,42324,10693,0.2526,274,10419,166,0.0159,CODE,GRI SERAPHIN,195,0.0187,False
HOG,067,"BAYOTA, DAHIEPA·KEHI, OURAGAHIO ET YOPOHUE, COMMUNES ET SOUS-PREFECTURES",150,42324,10693,0.2526,274,10419,166,0.0159,INDEPENDANT,LITIE LITIE ERIC,95,0.0091,False
HOG,067,"BAYOTA, DAHIEPA·KEHI, OURAGAHIO ET YOPOHUE, COMMUNES ET SOUS-PREFECTURES",150,42324,10693,0.2526,274,10419,166,0.0159,INDEPENDANT,YOUBOLOU ADJEHI NATHALIE,266,0.0255,False
HOG,067,"BAYOTA, DAHIEPA·KEHI, OURAGAHIO ET YOPOHUE, COMMUNES ET SOUS-PREFECTURES",150,42324,10693,0.2526,274,10419,166,0.0159,INDEPENDANT,ZAGO KPOKOU FRANCIS GOSSET,373,0.0358,False
HOG,067,"BAYOTA, DAHIEPA·KEHI, OURAGAHIO ET YOPOHUE, COMMUNES ET SOUS-PREFECTURES",150,42324,10693,0.2526,274,10419,166,0.0159,INDEPENDANT,GBALOU SERY MARTIN CLAVER,741,0.0711,False
HOG,068,"DIGNAGO, GALEBOUO ET GUIBEROUA, COMMUNES ET SOUS-PREFECTURES",110,30755,8919,0.29,276,8643,87,0.0101,CRI PANAFRICAIN,NAKI GOHOU ABEL,17,0.002,False
HOG,068,"DIGNAGO, GALEBOUO ET GUIBEROUA, COMMUNES ET SOUS-PREFECTURES",110,30755,8919,0.29,276,8643,87,0.0101,FPI,LIBY GUILLAUME,274,0.0317,False
HOG,068,"DIGNAGO, GALEBOUO ET GUIBEROUA, COMMUNES ET SOUS-PREFECTURES",110,30755,8919,0.29,276,8643,87,0.0101,PDCI-RDA,DIGBEU BLE ALFRED,1704,0.1972,False
HOG,068,"DIGNAGO, GALEBOUO ET GUIBEROUA, COMMUNES ET SOUS-PREFECTURES",110,30755,8919,0.29,276,8643,87,0.0101,INDEPENDANT,OURAGA SERGE OLIVIER,1327,0.1535,False
HOG,068,"DIGNAGO, GALEBOUO ET GUIBEROUA, COMMUNES ET SOUS-PREFECTURES",110,30755,8919,0.29,276,8643,87,0.0101,RHDP,DOGO LOGBO MYSS BELMONDE,4730,0.5473,True
HOG,068,"DIGNAGO, GALEBOUO ET GUIBEROUA, COMMUNES ET SOUS-PREFECTURES",110,30755,8919,0.29,276,8643,87,0.0101,CODE,ZIE BETO ALFRED,44,0.0051,False
HOG,068,"DIGNAGO, GALEBOUO ET GUIBEROUA, COMMUNES ET SOUS-PREFECTURES",110,30755,8919,0.29,276,8643,87,0.0101,INDEPENDANT,KOUADIO KONAN LEON,460,0.053200000000000004,False
HOG,069,"DOUGROUPALEGNOA, DOUKOUYO, GNAGBODOUGNOA ET SERIHIO, COMMUNES ET SOUS-PREFECTURES, GAGNOA, SOUS-PREFECTURE",129,36390,10519,0.2891,451,10068,159,0.0158,INDEPENDANT,GNAHORE SIABA GEORGES,448,0.044500000000000005,False
HOG,069,"DOUGROUPALEGNOA, DOUKOUYO, GNAGBODOUGNOA ET SERIHIO, COMMUNES ET SOUS-PREFECTURES, GAGNOA, SOUS-PREFECTURE",129,36390,10519,0.2891,451,10068,159,0.0158,INDEPENDANT,KAKOU GUIKAHUE MAURICE,1600,0.1589,False
HOG,069,"DOUGROUPALEGNOA, DOUKOUYO, GNAGBODOUGNOA ET SERIHIO, COMMUNES ET SOUS-PREFECTURES, GAGNOA, SOUS-PREFECTURE",129,36390,10519,0.2891,451,10068,159,0.0158,INDEPENDANT,ADJI KODOU MATHIAS,55,0.0055000000000000005,False
HOG,069,"DOUGROUPALEGNOA, DOUKOUYO, GNAGBODOUGNOA ET SERIHIO, COMMUNES ET SOUS-PREFECTURES, GAGNOA, SOUS-PREFECTURE",129,36390,10519,0.2891,451,10068,159,0.0158,INDEPENDANT,MOUSSA KONATE,1885,0.18719999999999998,True
HOG,069,"DOUGROUPALEGNOA, DOUKOUYO, GNAGBODOUGNOA ET SERIHIO, COMMUNES ET SOUS-PREFECTURES, GAGNOA, SOUS-PREFECTURE",129,36390,10519,0.2891,451,10068,159,0.0158,INDEPENDANT,RABE LIAGRO CHARLES,1314,0.1305,False
HOG,069,"DOUGROUPALEGNOA, DOUKOUYO, GNAGBODOUGNOA ET SERIHIO, COMMUNES ET SOUS-PREFECTURES, GAGNOA, SOUS-PREFECTURE",129,36390,10519,0.2891,451,10068,159,0.0158,INDEPENDANT,BAGNIMO DIABOU OLIVIER,47,0.004699999999999999,False
HOG,069,"DOUGROUPALEGNOA, DOUKOUYO, GNAGBODOUGNOA ET SERIHIO, COMMUNES ET SOUS-PREFECTURES, GAGNOA, SOUS-PREFECTURE",129,36390,10519,0.2891,451,10068,159,0.0158,INDEPENDANT,DAKOURY ELIE,49,0.0049,False
HOG,069,"DOUGROUPALEGNOA, DOUKOUYO, GNAGBODOUGNOA ET SERIHIO, COMMUNES ET SOUS-PREFECTURES, GAGNOA, SOUS-PREFECTURE",129,36390,10519,0.2891,451,10068,159,0.0158,INDEPENDANT,GNAGA LOSS-ROSS,62,0.0062,False
HOG,069,"DOUGROUPALEGNOA, DOUKOUYO, GNAGBODOUGNOA ET SERIHIO, COMMUNES ET SOUS-PREFECTURES, GAGNOA, SOUS-PREFECTURE",129,36390,10519,0.2891,451,10068,159,0.0158,PDCI-RDA,YAO KOUAME RENE,1607,0.15960000000000002,False
HOG,069,"DOUGROUPALEGNOA, DOUKOUYO, GNAGBODOUGNOA ET SERIHIO, COMMUNES ET SOUS-PREFECTURES, GAGNOA, SOUS-PREFECTURE",129,36390,10519,0.2891,451,10068,159,0.0158,INDEPENDANT,YAZI IKPO JEAN ARNAUD,59,0.0059,False
HOG,069,"DOUGROUPALEGNOA, DOUKOUYO, GNAGBODOUGNOA ET SERIHIO, COMMUNES ET SOUS-PREFECTURES, GAGNOA, SOUS-PREFECTURE",129,36390,10519,0.2891,451,10068,159,0.0158,INDEPENDANT,GNADJA DOGBA-RICHARD,721,0.0716,False
HOG,069,"DOUGROUPALEGNOA, DOUKOUYO, GNAGBODOUGNOA ET SERIHIO, COMMUNES ET SOUS-PREFECTURES, GAGNOA, SOUS-PREFECTURE",129,36390,10519,0.2891,451,10068,159,0.0158,RHDP,DJEDJEGNE YRIDJE DIGBEU YVETTE EPOUSE SEA,1645,0.1634,False
HOG,069,"DOUGROUPALEGNOA, DOUKOUYO, GNAGBODOUGNOA ET SERIHIO, COMMUNES ET SOUS-PREFECTURES, GAGNOA, SOUS-PREFECTURE",129,36390,10519,0.2891,451,10068,159,0.0158,INDEPENDANT,BLE ZOKOU,274,0.027200000000000002,False
HOG,069,"DOUGROUPALEGNOA, DOUKOUYO, GNAGBODOUGNOA ET SERIHIO, COMMUNES ET SOUS-PREFECTURES, GAGNOA, SOUS-PREFECTURE",129,36390,10519,0.2891,451,10068,159,0.0158,INDEPENDANT,KOFFI KOUAME,123,0.012199999999999999,False
HOG,069,"DOUGROUPALEGNOA, DOUKOUYO, GNAGBODOUGNOA ET SERIHIO, COMMUNES ET SOUS-PREFECTURES, GAGNOA, SOUS-PREFECTURE",129,36390,10519,0.2891,451,10068,159,0.0158,INDEPENDANT,GADJI DIDIER JEAN-FRANCOIS,20,0.002,False
HOG,070,"GAGNOA, COMMUNE",210,83356,11738,0.1408,292,11446,100,0.0087,INDEPENDANT,"S""UNIR ET AGIR POUR GAGNOA",297,0.0259,False
HOG,070,"GAGNOA, COMMUNE",210,83356,11738,0.1408,292,11446,100,0.0087,PDCI-RDA,TOUS ENSEMBLE POUR LA CÔTE D'IVOIRE,769,0.0672,False
HOG,070,"GAGNOA, COMMUNE",210,83356,11738,0.1408,292,11446,100,0.0087,RHDP,UNE COTE D'IVOIRE EN PAIX PROSPERE ET SOLIDAIRE,9405,0.8217,True
HOG,070,"GAGNOA, COMMUNE",210,83356,11738,0.1408,292,11446,100,0.0087,MDR,MOUVEMENT DEMOCRATIQUE POUR LE RENOUVEAU,542,0.047400000000000005,False
HOG,070,"GAGNOA, COMMUNE",210,83356,11738,0.1408,292,11446,100,0.0087,ADCI,AUJOURDHUI ET DEMAIN LA CÔTE DIVOIRE,333,0.0291,False
HOG,071,"DIEGONEFLA ET TONLA, COMMUNES ET SOUS- PREFECTURES",101,31994,10995,0.34369999999999995,265,10730,95,0.0089,INDEPENDANT,ZEGOUA ADIA SAINT DOMINIQUE ISRAEL,1162,0.10830000000000001,False
HOG,071,"DIEGONEFLA ET TONLA, COMMUNES ET SOUS- PREFECTURES",101,31994,10995,0.34369999999999995,265,10730,95,0.0089,PDCI-RDA,BAGROU GOLI,5210,0.48560000000000003,True
HOG,071,"DIEGONEFLA ET TONLA, COMMUNES ET SOUS- PREFECTURES",101,31994,10995,0.34369999999999995,265,10730,95,0.0089,MGC,KOBOU DECKY JEAN CLAUDE,137,0.0128,False
HOG,071,"DIEGONEFLA ET TONLA, COMMUNES ET SOUS- PREFECTURES",101,31994,10995,0.34369999999999995,265,10730,95,0.0089,ICON,MAYOBO OGA DADE YVES,94,0.0088,False
HOG,071,"DIEGONEFLA ET TONLA, COMMUNES ET SOUS- PREFECTURES",101,31994,10995,0.34369999999999995,265,10730,95,0.0089,INDEPENDANT,DEHI GAHI DANIEL,130,0.0121,False
HOG,071,"DIEGONEFLA ET TONLA, COMMUNES ET SOUS- PREFECTURES",101,31994,10995,0.34369999999999995,265,10730,95,0.0089,RHDP,KONAN JULIEN,3902,0.36369999999999997,False
HOG,072,"GUEPAHOUO ET OUME, COMMUNES ET SOUS- PREFECTURES",165,46572,11867,0.2548,334,11533,95,0.008199999999999999,INDEPENDANT,KONATE ZANGA,14,0.0012,False
HOG,072,"GUEPAHOUO ET OUME, COMMUNES ET SOUS- PREFECTURES",165,46572,11867,0.2548,334,11533,95,0.008199999999999999,INDEPENDANT,ALLAH KOUADIO ERIC SAINT-CLAIR,963,0.08349999999999999,False
HOG,072,"GUEPAHOUO ET OUME, COMMUNES ET SOUS- PREFECTURES",165,46572,11867,0.2548,334,11533,95,0.008199999999999999,INDEPENDANT,BANA DONZO JEAN PROSPER,124,0.0108,False
HOG,072,"GUEPAHOUO ET OUME, COMMUNES ET SOUS- PREFECTURES",165,46572,11867,0.2548,334,11533,95,0.008199999999999999,PDCI-RDA,LAGUI KOUASSI JOACHIM,3810,0.33039999999999997,False
HOG,072,"GUEPAHOUO ET OUME, COMMUNES ET SOUS- PREFECTURES",165,46572,11867,0.2548,334,11533,95,0.008199999999999999,MGC,TRAH N'GORAN YOLANDE AIMEE EPOUSE KOFFI,137,0.011899999999999999,False
HOG,072,"GUEPAHOUO ET OUME, COMMUNES ET SOUS- PREFECTURES",165,46572,11867,0.2548,334,11533,95,0.008199999999999999,INDEPENDANT,DOUEZAN LOU TCHANWELE PHILOMENE EPSE DADOU,35,0.003,False
HOG,072,"GUEPAHOUO ET OUME, COMMUNES ET SOUS- PREFECTURES",165,46572,11867,0.2548,334,11533,95,0.008199999999999999,RHDP,KOUASSI DJA FLORE,5788,0.5019,True
HOG,072,"GUEPAHOUO ET OUME, COMMUNES ET SOUS- PREFECTURES",165,46572,11867,0.2548,334,11533,95,0.008199999999999999,INDEPENDANT,WOYO BE NADEGE,171,0.0148,False
HOG,072,"GUEPAHOUO ET OUME, COMMUNES ET SOUS- PREFECTURES",165,46572,11867,0.2548,334,11533,95,0.008199999999999999,INDEPENDANT,NDRI YAO MATHIEU,396,0.034300000000000004,False
HOG,073,"APPIMANDOUM, BONDOUKOU ET PINDA-BOROKO, COMMUNES ET SOUS-PREFECTURES",155,52876,17219,0.3256,394,16825,212,0.0126,RHDP,"UNE CÔTE D'IVOIRE EN PAIX, PROSPERE ET SOLIDAIRE",14746,0.8764,True
HOG,073,"APPIMANDOUM, BONDOUKOU ET PINDA-BOROKO, COMMUNES ET SOUS-PREFECTURES",155,52876,17219,0.3256,394,16825,212,0.0126,PDCI-RDA,TOUS ENSEMBLE POUR LA CÔTE D'IVOIRE,1161,0.069,False
HOG,073,"APPIMANDOUM, BONDOUKOU ET PINDA-BOROKO, COMMUNES ET SOUS-PREFECTURES",155,52876,17219,0.3256,394,16825,212,0.0126,INDEPENDANT,BONDOUKOU EN MARCHE,706,0.042,False
HOG,074,"BONDO, LAOUDI-BA, SAPLI-SEPINGO, TAOUDI ET YEZIMALA, COMMUNES ET SOUS-PREFECTURES",122,35843,18753,0.5232,403,18350,339,0.018500000000000003,INDEPENDANT,ELITES DE LA RELEVE,255,0.0139,False
HOG,074,"BONDO, LAOUDI-BA, SAPLI-SEPINGO, TAOUDI ET YEZIMALA, COMMUNES ET SOUS-PREFECTURES",122,35843,18753,0.5232,403,18350,339,0.018500000000000003,INDEPENDANT,"UN JOUR, IL FERA JOUR",5262,0.2868,False
HOG,074,"BONDO, LAOUDI-BA, SAPLI-SEPINGO, TAOUDI ET YEZIMALA, COMMUNES ET SOUS-PREFECTURES",122,35843,18753,0.5232,403,18350,339,0.018500000000000003,PDCI-RDA,TOUS ENSEMBLE POUR LA CÔTE D'IVOIRE,888,0.0484,False
HOG,074,"BONDO, LAOUDI-BA, SAPLI-SEPINGO, TAOUDI ET YEZIMALA, COMMUNES ET SOUS-PREFECTURES",122,35843,18753,0.5232,403,18350,339,0.018500000000000003,INDEPENDANT,"LE PARLEMENT AUX PARLEMENTAIRES, LES HOMMES QU'IL FAUT À LA PLACE QU'IL FAUT",934,0.0509,False
HOG,074,"BONDO, LAOUDI-BA, SAPLI-SEPINGO, TAOUDI ET YEZIMALA, COMMUNES ET SOUS-PREFECTURES",122,35843,18753,0.5232,403,18350,339,0.018500000000000003,INDEPENDANT,CONCORDE POUR LE RENOUVEAU DU GONTOUGO,3641,0.1984,False
HOG,074,"BONDO, LAOUDI-BA, SAPLI-SEPINGO, TAOUDI ET YEZIMALA, COMMUNES ET SOUS-PREFECTURES",122,35843,18753,0.5232,403,18350,339,0.018500000000000003,RHDP,"UNE COTE D'IVOIRE EN PAIX ,PROSPERE ET SOLIDAIRE",7031,0.3832,True
HOG,075,"GOUMERE ET TABAGNE, COMMUNES ET SOUS- PREFECTURES",63,17425,9493,0.5448,376,9117,124,0.013600000000000001,FPI,N'GUETTIA YAO KOUMAN,57,0.0063,False
HOG,075,"GOUMERE ET TABAGNE, COMMUNES ET SOUS- PREFECTURES",63,17425,9493,0.5448,376,9117,124,0.013600000000000001,PDCI-RDA,SAWIRI YAO YEBOUA,1678,0.1841,False
HOG,075,"GOUMERE ET TABAGNE, COMMUNES ET SOUS- PREFECTURES",63,17425,9493,0.5448,376,9117,124,0.013600000000000001,INDEPENDANT,OUATTARA ABOU,1725,0.1892,False
HOG,075,"GOUMERE ET TABAGNE, COMMUNES ET SOUS- PREFECTURES",63,17425,9493,0.5448,376,9117,124,0.013600000000000001,P.B.J.V,KOSSONOU KOUADIO HENRI QUATORZE,219,0.024,False
HOG,075,"GOUMERE ET TABAGNE, COMMUNES ET SOUS- PREFECTURES",63,17425,9493,0.5448,376,9117,124,0.013600000000000001,INDEPENDANT,DIABAGATE YEBOUA ADAMAN,1961,0.2151,False
HOG,075,"GOUMERE ET TABAGNE, COMMUNES ET SOUS- PREFECTURES",63,17425,9493,0.5448,376,9117,124,0.013600000000000001,INDEPENDANT,COULIBALY NANGA ISMAEL,212,0.0233,False
HOG,075,"GOUMERE ET TABAGNE, COMMUNES ET SOUS- PREFECTURES",63,17425,9493,0.5448,376,9117,124,0.013600000000000001,INDEPENDANT,YEBOUA KOUAKOU KOUMAN BENOIT,19,0.0021,False
HOG,075,"GOUMERE ET TABAGNE, COMMUNES ET SOUS- PREFECTURES",63,17425,9493,0.5448,376,9117,124,0.013600000000000001,RHDP,DIABAGATE MOUSSA,3122,0.34240000000000004,True
HOG,076,"SOROBANGO ET TAGADI, COMMUNES ET SOUS- PREFECTURES",52,16336,9847,0.6028,162,9685,117,0.0121,PDCI-RDA,HIEN SIE GEORGES BENEDICT,120,0.0124,False
HOG,076,"SOROBANGO ET TAGADI, COMMUNES ET SOUS- PREFECTURES",52,16336,9847,0.6028,162,9685,117,0.0121,INDEPENDANT,KRA KOBENAN LAZARE,2953,0.3049,False
HOG,076,"SOROBANGO ET TAGADI, COMMUNES ET SOUS- PREFECTURES",52,16336,9847,0.6028,162,9685,117,0.0121,INDEPENDANT,KOUAME YAO KOUMAN,257,0.0265,False
HOG,076,"SOROBANGO ET TAGADI, COMMUNES ET SOUS- PREFECTURES",52,16336,9847,0.6028,162,9685,117,0.0121,INDEPENDANT,BIFFITE HOLLO DAH,232,0.024,False
HOG,076,"SOROBANGO ET TAGADI, COMMUNES ET SOUS- PREFECTURES",52,16336,9847,0.6028,162,9685,117,0.0121,INDEPENDANT,SOULEYMANE OUATTARA,2883,0.2977,False
HOG,076,"SOROBANGO ET TAGADI, COMMUNES ET SOUS- PREFECTURES",52,16336,9847,0.6028,162,9685,117,0.0121,RHDP,KOUASSI KOFFI KRA PAULIN,3123,0.3225,True
HOG,077,"BOAHIA ET KOUASSI-DATEKRO, COMMUNES ET SOUS- PREFECTURES",52,13065,7563,0.5789,195,7368,78,0.0106,INDEPENDANT,YAO KOUASSI ALI,262,0.0356,False
HOG,077,"BOAHIA ET KOUASSI-DATEKRO, COMMUNES ET SOUS- PREFECTURES",52,13065,7563,0.5789,195,7368,78,0.0106,INDEPENDANT,EBA YAO HAROUNA,1862,0.2527,False
HOG,077,"BOAHIA ET KOUASSI-DATEKRO, COMMUNES ET SOUS- PREFECTURES",52,13065,7563,0.5789,195,7368,78,0.0106,PDCI-RDA,KOFFI TEHUA,188,0.0255,False
HOG,077,"BOAHIA ET KOUASSI-DATEKRO, COMMUNES ET SOUS- PREFECTURES",52,13065,7563,0.5789,195,7368,78,0.0106,UNPR,MOUTAYE AZOUMANA,2571,0.3489,True
HOG,077,"BOAHIA ET KOUASSI-DATEKRO, COMMUNES ET SOUS- PREFECTURES",52,13065,7563,0.5789,195,7368,78,0.0106,RHDP,SONAN JEAN-FRANCOIS DONALD,2407,0.3267,False
OGUOTNOG,078,"KOKOMIAN, TANKESSE ET TIENKOIKRO, COMMUNES ET SOUS-PREFECTURES",67,19298,8991,0.46590000000000004,505,8486,72,0.0085,INDEPENDANT,AHIMOU YAO,141,0.0166,False
OGUOTNOG,078,"KOKOMIAN, TANKESSE ET TIENKOIKRO, COMMUNES ET SOUS-PREFECTURES",67,19298,8991,0.46590000000000004,505,8486,72,0.0085,INDEPENDANT,CISSE MOHAMED,223,0.0263,False
OGUOTNOG,078,"KOKOMIAN, TANKESSE ET TIENKOIKRO, COMMUNES ET SOUS-PREFECTURES",67,19298,8991,0.46590000000000004,505,8486,72,0.0085,PDCI-RDA,KOUASSI BREDOUMY SOUMAILA TRAORE,2578,0.3038,True
OGUOTNOG,078,"KOKOMIAN, TANKESSE ET TIENKOIKRO, COMMUNES ET SOUS-PREFECTURES",67,19298,8991,0.46590000000000004,505,8486,72,0.0085,INDEPENDANT,YAO SOUMAILA,880,0.10369999999999999,False
OGUOTNOG,078,"KOKOMIAN, TANKESSE ET TIENKOIKRO, COMMUNES ET SOUS-PREFECTURES",67,19298,8991,0.46590000000000004,505,8486,72,0.0085,RHDP,KOUAKOU BOKO ANTOINE,1394,0.1643,False
OGUOTNOG,078,"KOKOMIAN, TANKESSE ET TIENKOIKRO, COMMUNES ET SOUS-PREFECTURES",67,19298,8991,0.46590000000000004,505,8486,72,0.0085,INDEPENDANT,KOFFI KRA SERGE-PACOME,986,0.1162,False
OGUOTNOG,078,"KOKOMIAN, TANKESSE ET TIENKOIKRO, COMMUNES ET SOUS-PREFECTURES",67,19298,8991,0.46590000000000004,505,8486,72,0.0085,INDEPENDANT,KOFFI STEPHANE NANAN ATHESSY,1156,0.1362,False
OGUOTNOG,078,"KOKOMIAN, TANKESSE ET TIENKOIKRO, COMMUNES ET SOUS-PREFECTURES",67,19298,8991,0.46590000000000004,505,8486,72,0.0085,INDEPENDANT,SEYAN KAMATE ISSOUF,692,0.0815,False
OGUOTNOG,078,"KOKOMIAN, TANKESSE ET TIENKOIKRO, COMMUNES ET SOUS-PREFECTURES",67,19298,8991,0.46590000000000004,505,8486,72,0.0085,REEL.CI,KOUADIO KOUABENA WILFRIED DELAFOSSE,334,0.0394,False
OGUOTNOG,078,"KOKOMIAN, TANKESSE ET TIENKOIKRO, COMMUNES ET SOUS-PREFECTURES",67,19298,8991,0.46590000000000004,505,8486,72,0.0085,INDEPENDANT,KOFFI GBALAZOU OLIVIER,30,0.0034999999999999996,False
OGUOTNOG,079,"KOUN-FAO, COMMUNE ET SOUS-PREFECTURE",47,15315,7579,0.4949,218,7361,45,0.0060999999999999995,INDEPENDANT,OUATTARA AZOUMANAN,2121,0.28809999999999997,False
OGUOTNOG,079,"KOUN-FAO, COMMUNE ET SOUS-PREFECTURE",47,15315,7579,0.4949,218,7361,45,0.0060999999999999995,INDEPENDANT,BENIE KOUAKOU ADAYE GERARD,428,0.0581,False
OGUOTNOG,079,"KOUN-FAO, COMMUNE ET SOUS-PREFECTURE",47,15315,7579,0.4949,218,7361,45,0.0060999999999999995,INDEPENDANT,KOFFI KOUADIO SERAPHIN,89,0.0121,False
OGUOTNOG,079,"KOUN-FAO, COMMUNE ET SOUS-PREFECTURE",47,15315,7579,0.4949,218,7361,45,0.0060999999999999995,PDCI-RDA,OULAYES YAO KPOULALE FRANCOIS,2408,0.3271,True
OGUOTNOG,079,"KOUN-FAO, COMMUNE ET SOUS-PREFECTURE",47,15315,7579,0.4949,218,7361,45,0.0060999999999999995,RHDP,KOUAKOU KOUASSI JEAN-MARIE,2270,0.3084,False
OGUOTNOG,080,"BANDAKAGNI-TOMORA, DIMANDOUGOU, SANDEGUE ET YOROBODI, COMMUNES ET SOUS-PREFECTURES",63,19968,10862,0.544,37,10825,82,0.0076,INDEPENDANT,KAMAGATE YAHASSINAN,3812,0.3521,False
OGUOTNOG,080,"BANDAKAGNI-TOMORA, DIMANDOUGOU, SANDEGUE ET YOROBODI, COMMUNES ET SOUS-PREFECTURES",63,19968,10862,0.544,37,10825,82,0.0076,CODE,OUATTARA LASSINA,67,0.0062,False
OGUOTNOG,080,"BANDAKAGNI-TOMORA, DIMANDOUGOU, SANDEGUE ET YOROBODI, COMMUNES ET SOUS-PREFECTURES",63,19968,10862,0.544,37,10825,82,0.0076,RHDP,OUATTARA ABOUBAKAR,6864,0.6341,True
OGUOTNOG,081,"AMANVI, DIAMBA, TANDA ET TCHEDIO, COMMUNES ET SOUS-PREFECTURES",141,39059,21861,0.5597,501,21360,117,0.0055000000000000005,INDEPENDANT,FIENI KOFFI KEVIN,2131,0.0998,False
OGUOTNOG,081,"AMANVI, DIAMBA, TANDA ET TCHEDIO, COMMUNES ET SOUS-PREFECTURES",141,39059,21861,0.5597,501,21360,117,0.0055000000000000005,INDEPENDANT,BOBLAI DOUASSOH JOSINANE ISABELLE,2483,0.1162,False
OGUOTNOG,081,"AMANVI, DIAMBA, TANDA ET TCHEDIO, COMMUNES ET SOUS-PREFECTURES",141,39059,21861,0.5597,501,21360,117,0.0055000000000000005,ADCI,TEYA YAO BILLY CURTIS,258,0.0121,False
OGUOTNOG,081,"AMANVI, DIAMBA, TANDA ET TCHEDIO, COMMUNES ET SOUS-PREFECTURES",141,39059,21861,0.5597,501,21360,117,0.0055000000000000005,PDCI-RDA,SERGE YVON VREMEN,754,0.0353,False
OGUOTNOG,081,"AMANVI, DIAMBA, TANDA ET TCHEDIO, COMMUNES ET SOUS-PREFECTURES",141,39059,21861,0.5597,501,21360,117,0.0055000000000000005,RHDP,KOBENAN KOUASSI ADJOUMANI,15617,0.7311,True
OGUOTNOG,082,"ASSUEFRY, KOUASSIA-NIAGUINI ET TRANSUA, COMMUNES ET SOUS-PREFECTURES",102,30356,15766,0.5194,305,15461,118,0.0076,INDEPENDANT,TANO KOUABENAN ISAAC,6574,0.4252,False
OGUOTNOG,082,"ASSUEFRY, KOUASSIA-NIAGUINI ET TRANSUA, COMMUNES ET SOUS-PREFECTURES",102,30356,15766,0.5194,305,15461,118,0.0076,INDEPENDANT,OUATTARA ASSANAN,58,0.0038,False
OGUOTNOG,082,"ASSUEFRY, KOUASSIA-NIAGUINI ET TRANSUA, COMMUNES ET SOUS-PREFECTURES",102,30356,15766,0.5194,305,15461,118,0.0076,INDEPENDANT,BINI KOBENAN SERGE,148,0.0096,False
OGUOTNOG,082,"ASSUEFRY, KOUASSIA-NIAGUINI ET TRANSUA, COMMUNES ET SOUS-PREFECTURES",102,30356,15766,0.5194,305,15461,118,0.0076,PDCI-RDA,KOBENA KOSSONOU PAUL,388,0.025099999999999997,False
OGUOTNOG,082,"ASSUEFRY, KOUASSIA-NIAGUINI ET TRANSUA, COMMUNES ET SOUS-PREFECTURES",102,30356,15766,0.5194,305,15461,118,0.0076,RHDP,YOBOUA KOUABENAN CEVERIN,8175,0.5287,True
STNOPSDNARG,083,"DABOU, LOPOU ET TOUPAH, COMMUNES ET SOUS- PREFECTURES",226,82680,18971,0.22949999999999998,401,18570,170,0.0092,RHDP,UNE CÔTE D'IVOIRE EN PAIX PROSPERE ET SOLIDAIRE,13219,0.7118000000000001,True
STNOPSDNARG,083,"DABOU, LOPOU ET TOUPAH, COMMUNES ET SOUS- PREFECTURES",226,82680,18971,0.22949999999999998,401,18570,170,0.0092,MGC,POUR LA NATION,992,0.053399999999999996,False
STNOPSDNARG,083,"DABOU, LOPOU ET TOUPAH, COMMUNES ET SOUS- PREFECTURES",226,82680,18971,0.22949999999999998,401,18570,170,0.0092,PDCI-RDA,TOUS UNIS POUR LA CÔTE DIVOIRE,4189,0.2256,False
STNOPSDNARG,084,"AHOUANOU, BACANDA, EBONOU, GRAND-LAHOU ET TOUKOUZOU, COMMUNES ET SOUS-PREFECTURES",145,39303,11713,0.298,289,11424,91,0.008,INDEPENDANT,KAKOU DIDIER PAUL AKA,45,0.0039000000000000003,False
STNOPSDNARG,084,"AHOUANOU, BACANDA, EBONOU, GRAND-LAHOU ET TOUKOUZOU, COMMUNES ET SOUS-PREFECTURES",145,39303,11713,0.298,289,11424,91,0.008,INDEPENDANT,KOUASSI ANDRE,1478,0.1294,False
STNOPSDNARG,084,"AHOUANOU, BACANDA, EBONOU, GRAND-LAHOU ET TOUKOUZOU, COMMUNES ET SOUS-PREFECTURES",145,39303,11713,0.298,289,11424,91,0.008,INDEPENDANT,AMIE LEBA YOLANDE EPOUSE ADO,1001,0.0876,False
STNOPSDNARG,084,"AHOUANOU, BACANDA, EBONOU, GRAND-LAHOU ET TOUKOUZOU, COMMUNES ET SOUS-PREFECTURES",145,39303,11713,0.298,289,11424,91,0.008,RHDP,YAO N'GUESSAN ALFRED,4567,0.3998,True
STNOPSDNARG,084,"AHOUANOU, BACANDA, EBONOU, GRAND-LAHOU ET TOUKOUZOU, COMMUNES ET SOUS-PREFECTURES",145,39303,11713,0.298,289,11424,91,0.008,INDEPENDANT,KOUASSI ERHARD LUC,191,0.0167,False
STNOPSDNARG,084,"AHOUANOU, BACANDA, EBONOU, GRAND-LAHOU ET TOUKOUZOU, COMMUNES ET SOUS-PREFECTURES",145,39303,11713,0.298,289,11424,91,0.008,PDCI-RDA,YOBOUE MARIE LAURE,4051,0.3546,False
STNOPSDNARG,085,"ATOUTOU ET JACQUEVILLE, COMMUNES ET SOUS- PREFECTURES",86,28167,8826,0.31329999999999997,192,8634,70,0.008100000000000001,INDEPENDANT,ODA EDOUARD,1972,0.2284,False
STNOPSDNARG,085,"ATOUTOU ET JACQUEVILLE, COMMUNES ET SOUS- PREFECTURES",86,28167,8826,0.31329999999999997,192,8634,70,0.008100000000000001,RHDP,AMON-TANOH BENOIT MARCEL,4630,0.5363,True
STNOPSDNARG,085,"ATOUTOU ET JACQUEVILLE, COMMUNES ET SOUS- PREFECTURES",86,28167,8826,0.31329999999999997,192,8634,70,0.008100000000000001,INDEPENDANT,ADJOUSSOU GUY-PEINE,23,0.0027,False
STNOPSDNARG,085,"ATOUTOU ET JACQUEVILLE, COMMUNES ET SOUS- PREFECTURES",86,28167,8826,0.31329999999999997,192,8634,70,0.008100000000000001,ADCI,GAHI GAHI INNOCENT,119,0.0138,False
STNOPSDNARG,085,"ATOUTOU ET JACQUEVILLE, COMMUNES ET SOUS- PREFECTURES",86,28167,8826,0.31329999999999997,192,8634,70,0.008100000000000001,INDEPENDANT,GNANDUILLET ARSENE LUCAIN,180,0.0208,False
STNOPSDNARG,085,"ATOUTOU ET JACQUEVILLE, COMMUNES ET SOUS- PREFECTURES",86,28167,8826,0.31329999999999997,192,8634,70,0.008100000000000001,FPI,N'GUESSAN DJIPRO GNANAGAHON VERONIQUE,285,0.033,False
STNOPSDNARG,085,"ATOUTOU ET JACQUEVILLE, COMMUNES ET SOUS- PREFECTURES",86,28167,8826,0.31329999999999997,192,8634,70,0.008100000000000001,PDCI-RDA,KOUASSI EPSE AKA-ADJO MARIE-ANGE GEORGETTE AYA-BONI,1355,0.15689999999999998,False
NOMEUG,086,"BANGOLO, GOHOUO-ZAGNA, KAHIN-ZARABAON ET ZOU, COMMUNES ET SOUS-PREFECTURES",114,38004,13853,0.36450000000000005,257,13596,152,0.011200000000000002,INDEPENDANT,TAH GLAO AGUILAS,586,0.0431,False
NOMEUG,086,"BANGOLO, GOHOUO-ZAGNA, KAHIN-ZARABAON ET ZOU, COMMUNES ET SOUS-PREFECTURES",114,38004,13853,0.36450000000000005,257,13596,152,0.011200000000000002,PDCI-RDA,LEDIEHI KEMONDE CHRISTOPHE,505,0.0371,False
NOMEUG,086,"BANGOLO, GOHOUO-ZAGNA, KAHIN-ZARABAON ET ZOU, COMMUNES ET SOUS-PREFECTURES",114,38004,13853,0.36450000000000005,257,13596,152,0.011200000000000002,INDEPENDANT,BAKO JEAN PONDERE NESTOR,556,0.0409,False
NOMEUG,086,"BANGOLO, GOHOUO-ZAGNA, KAHIN-ZARABAON ET ZOU, COMMUNES ET SOUS-PREFECTURES",114,38004,13853,0.36450000000000005,257,13596,152,0.011200000000000002,INDEPENDANT,TAILLY THIERRY HERMANE,3315,0.2438,False
NOMEUG,086,"BANGOLO, GOHOUO-ZAGNA, KAHIN-ZARABAON ET ZOU, COMMUNES ET SOUS-PREFECTURES",114,38004,13853,0.36450000000000005,257,13596,152,0.011200000000000002,INDEPENDANT,DIET DAZAMIN ANGE LAURE,939,0.0691,False
NOMEUG,086,"BANGOLO, GOHOUO-ZAGNA, KAHIN-ZARABAON ET ZOU, COMMUNES ET SOUS-PREFECTURES",114,38004,13853,0.36450000000000005,257,13596,152,0.011200000000000002,INDEPENDANT,DOUAROU ZOH ANDREE JOSELYNE,273,0.020099999999999996,False
NOMEUG,086,"BANGOLO, GOHOUO-ZAGNA, KAHIN-ZARABAON ET ZOU, COMMUNES ET SOUS-PREFECTURES",114,38004,13853,0.36450000000000005,257,13596,152,0.011200000000000002,APR.CI,DJEHI MONHYA HYPPOLITE,214,0.015700000000000002,False
NOMEUG,086,"BANGOLO, GOHOUO-ZAGNA, KAHIN-ZARABAON ET ZOU, COMMUNES ET SOUS-PREFECTURES",114,38004,13853,0.36450000000000005,257,13596,152,0.011200000000000002,RHDP,SEREY DOH CELESTIN,6394,0.4703,True
NOMEUG,086,"BANGOLO, GOHOUO-ZAGNA, KAHIN-ZARABAON ET ZOU, COMMUNES ET SOUS-PREFECTURES",114,38004,13853,0.36450000000000005,257,13596,152,0.011200000000000002,INDEPENDANT,FOUEMON NEMET DESCANE WILFRIED,662,0.0487,False
NOMEUG,087,"BEOUE-ZIBIAO, BLENIMEOUIN, DIEOUZON, GUINGLO- TAHOUAKE ET ZEO, COMMUNES ET SOUS-PREFECTURES",84,24148,9809,0.40619999999999995,357,9452,198,0.0209,INDEPENDANT,TAE SYLVAIN,190,0.020099999999999996,False
NOMEUG,087,"BEOUE-ZIBIAO, BLENIMEOUIN, DIEOUZON, GUINGLO- TAHOUAKE ET ZEO, COMMUNES ET SOUS-PREFECTURES",84,24148,9809,0.40619999999999995,357,9452,198,0.0209,INDEPENDANT,TAILLY JEAN CHARLES FELIX LAMBERT,390,0.041299999999999996,False
NOMEUG,087,"BEOUE-ZIBIAO, BLENIMEOUIN, DIEOUZON, GUINGLO- TAHOUAKE ET ZEO, COMMUNES ET SOUS-PREFECTURES",84,24148,9809,0.40619999999999995,357,9452,198,0.0209,INDEPENDANT,GUIHIN DIOUFO NOMASSO,461,0.048799999999999996,False
NOMEUG,087,"BEOUE-ZIBIAO, BLENIMEOUIN, DIEOUZON, GUINGLO- TAHOUAKE ET ZEO, COMMUNES ET SOUS-PREFECTURES",84,24148,9809,0.40619999999999995,357,9452,198,0.0209,PDCI-RDA,DOHO ZONSELOUE SIMON,2414,0.2554,False
NOMEUG,087,"BEOUE-ZIBIAO, BLENIMEOUIN, DIEOUZON, GUINGLO- TAHOUAKE ET ZEO, COMMUNES ET SOUS-PREFECTURES",84,24148,9809,0.40619999999999995,357,9452,198,0.0209,INDEPENDANT,MARCEL TABA,2341,0.2477,False
NOMEUG,087,"BEOUE-ZIBIAO, BLENIMEOUIN, DIEOUZON, GUINGLO- TAHOUAKE ET ZEO, COMMUNES ET SOUS-PREFECTURES",84,24148,9809,0.40619999999999995,357,9452,198,0.0209,INDEPENDANT,GUELADE DOUE GHISLAIN STANISLAS,756,0.08,False
NOMEUG,087,"BEOUE-ZIBIAO, BLENIMEOUIN, DIEOUZON, GUINGLO- TAHOUAKE ET ZEO, COMMUNES ET SOUS-PREFECTURES",84,24148,9809,0.40619999999999995,357,9452,198,0.0209,RHDP,BOHOUO DEHOUROU MATHURIN,2702,0.2859,True
NOMEUG,088,"BAGOHOUO, GBAPLEU ET GUEZON, COMMUNES ET SOUS-",84,26419,11837,0.44799999999999995,202,11635,228,0.0196,INDEPENDANT,THE MANDE STEPHANE,156,0.0134,False
NOMEUG,088,"BAGOHOUO, GBAPLEU ET GUEZON, COMMUNES ET SOUS-",84,26419,11837,0.44799999999999995,202,11635,228,0.0196,PDCI-RDA,GUI-DIBO DESIRE MAGLOIRE GNOMBLEHI,1183,0.1017,False
NOMEUG,088,"BAGOHOUO, GBAPLEU ET GUEZON, COMMUNES ET SOUS-",84,26419,11837,0.44799999999999995,202,11635,228,0.0196,RHDP,DOUMBIA IBRAHIMA,8300,0.7134,True
NOMEUG,088,PREFECTURES,84,26419,11837,0.44799999999999995,202,11635,228,0.0196,INDEPENDANT,KONE BAKARY,1490,0.1281,False
NOMEUG,088,PREFECTURES,84,26419,11837,0.44799999999999995,202,11635,228,0.0196,INDEPENDANT,MOUHON BOZON ELVIS DESTY,214,0.0184,False
NOMEUG,088,PREFECTURES,84,26419,11837,0.44799999999999995,202,11635,228,0.0196,CODE,YOMI KAPEU,64,0.0055000000000000005,False
NOMEUG,089,"DUEKOUE, COMMUNE",135,51242,12507,0.2441,218,12289,127,0.0103,INDEPENDANT,TAE AUBIN,45,0.0037,False
NOMEUG,089,"DUEKOUE, COMMUNE",135,51242,12507,0.2441,218,12289,127,0.0103,MGC,KAHAN ANGELINE,122,0.009899999999999999,False
NOMEUG,089,"DUEKOUE, COMMUNE",135,51242,12507,0.2441,218,12289,127,0.0103,INDEPENDANT,GNONBLESSON PIERRE QUINTUS,23,0.0019,False
NOMEUG,089,"DUEKOUE, COMMUNE",135,51242,12507,0.2441,218,12289,127,0.0103,PDCI-RDA,SOMDA FOVIN GEORGETTE EPOUSE GIELEN,3404,0.27699999999999997,False
NOMEUG,089,"DUEKOUE, COMMUNE",135,51242,12507,0.2441,218,12289,127,0.0103,INDEPENDANT,GNAHE GOUSSE FRANCK,135,0.011000000000000001,False
NOMEUG,089,"DUEKOUE, COMMUNE",135,51242,12507,0.2441,218,12289,127,0.0103,INDEPENDANT,TEHE FLORE BENEDICTE,50,0.0040999999999999995,False
NOMEUG,089,"DUEKOUE, COMMUNE",135,51242,12507,0.2441,218,12289,127,0.0103,INDEPENDANT,TOURE YACOUBA,654,0.053200000000000004,False
NOMEUG,089,"DUEKOUE, COMMUNE",135,51242,12507,0.2441,218,12289,127,0.0103,ADCI,GNENE BASILE,226,0.0184,False
NOMEUG,089,"DUEKOUE, COMMUNE",135,51242,12507,0.2441,218,12289,127,0.0103,AIRD,KAHE KPLOHOUROU ERIC VICTOR,566,0.0461,False
NOMEUG,089,"DUEKOUE, COMMUNE",135,51242,12507,0.2441,218,12289,127,0.0103,RHDP,TOURE FLANIZARA,5608,0.45630000000000004,True
NOMEUG,089,"DUEKOUE, COMMUNE",135,51242,12507,0.2441,218,12289,127,0.0103,FPI,TEHY MONSETEMON BASILE,1329,0.1081,False
NOMEUG,090,"DUEKOUE, SOUS-PREFECTURE ET GUEHIEBLY, COMMUNES ET SOUS-PREFECTURE",48,15092,6652,0.44079999999999997,180,6472,117,0.0181,PDCI-RDA,THE JASMIN ROGER,832,0.1286,False
NOMEUG,090,"DUEKOUE, SOUS-PREFECTURE ET GUEHIEBLY, COMMUNES ET SOUS-PREFECTURE",48,15092,6652,0.44079999999999997,180,6472,117,0.0181,RHDP,OULLA GUELADET EPHREM PRIVAT,2709,0.41859999999999997,False
NOMEUG,090,"DUEKOUE, SOUS-PREFECTURE ET GUEHIEBLY, COMMUNES ET SOUS-PREFECTURE",48,15092,6652,0.44079999999999997,180,6472,117,0.0181,INDEPENDANT,GNONKA ANGES,2814,0.43479999999999996,True
NOMEUG,091,"FACOBLY, GUEZON, KOUA, SEMIEN ET TIENY-SEABLY, COMMUNES ET SOUS-PREFECTURES",86,25531,8572,0.3357,189,8383,111,0.0132,INDEPENDANT,TIE FELICIEN SERGE-ALAIN,223,0.026600000000000002,False
NOMEUG,091,"FACOBLY, GUEZON, KOUA, SEMIEN ET TIENY-SEABLY, COMMUNES ET SOUS-PREFECTURES",86,25531,8572,0.3357,189,8383,111,0.0132,INDEPENDANT,BLEKAHI PHILIPPE,518,0.061799999999999994,False
NOMEUG,091,"FACOBLY, GUEZON, KOUA, SEMIEN ET TIENY-SEABLY, COMMUNES ET SOUS-PREFECTURES",86,25531,8572,0.3357,189,8383,111,0.0132,ADCI,KINDRAUD MIANTE ALIDA VERONIQUE,347,0.0414,False
NOMEUG,091,"FACOBLY, GUEZON, KOUA, SEMIEN ET TIENY-SEABLY, COMMUNES ET SOUS-PREFECTURES",86,25531,8572,0.3357,189,8383,111,0.0132,INDEPENDANT,MEAMBLY TIE EVARISTE EDOUARD,2551,0.3043,False
NOMEUG,091,"FACOBLY, GUEZON, KOUA, SEMIEN ET TIENY-SEABLY, COMMUNES ET SOUS-PREFECTURES",86,25531,8572,0.3357,189,8383,111,0.0132,INDEPENDANT,TROH KELASSON ADELPHE,817,0.0975,False
NOMEUG,091,"FACOBLY, GUEZON, KOUA, SEMIEN ET TIENY-SEABLY, COMMUNES ET SOUS-PREFECTURES",86,25531,8572,0.3357,189,8383,111,0.0132,INDEPENDANT,TIEPOHO DOHANEMON ALAIN,408,0.0487,False
NOMEUG,091,"FACOBLY, GUEZON, KOUA, SEMIEN ET TIENY-SEABLY, COMMUNES ET SOUS-PREFECTURES",86,25531,8572,0.3357,189,8383,111,0.0132,INDEPENDANT,SEHI GUEHI PATRICK,375,0.0447,False
NOMEUG,091,"FACOBLY, GUEZON, KOUA, SEMIEN ET TIENY-SEABLY, COMMUNES ET SOUS-PREFECTURES",86,25531,8572,0.3357,189,8383,111,0.0132,RHDP,SEA JEAN HONORE,3033,0.3618,True
NOMEUG,092,"KOUIBLY, NIDROU, OUYABLY-GNONDROU ET TOTRODROU, COMMUNES ET SOUS-PREFECTURES",94,30990,10715,0.3458,550,10165,117,0.0115,PPSD,TIEHI EMMANUEL,492,0.0484,False
NOMEUG,092,"KOUIBLY, NIDROU, OUYABLY-GNONDROU ET TOTRODROU, COMMUNES ET SOUS-PREFECTURES",94,30990,10715,0.3458,550,10165,117,0.0115,EDS,YOUTE WONSEBEO INNOCENT,1977,0.1945,False
NOMEUG,092,"KOUIBLY, NIDROU, OUYABLY-GNONDROU ET TOTRODROU, COMMUNES ET SOUS-PREFECTURES",94,30990,10715,0.3458,550,10165,117,0.0115,MGC,KPEYA MONHESSEA,380,0.0374,False
NOMEUG,092,"KOUIBLY, NIDROU, OUYABLY-GNONDROU ET TOTRODROU, COMMUNES ET SOUS-PREFECTURES",94,30990,10715,0.3458,550,10165,117,0.0115,INDEPENDANT,WOMBLEGNON EPSE LEMMENS JULIE,1402,0.1379,False
NOMEUG,092,"KOUIBLY, NIDROU, OUYABLY-GNONDROU ET TOTRODROU, COMMUNES ET SOUS-PREFECTURES",94,30990,10715,0.3458,550,10165,117,0.0115,INDEPENDANT,BEAT-SEKI SEANDJE ANGE,1488,0.1464,False
NOMEUG,092,"KOUIBLY, NIDROU, OUYABLY-GNONDROU ET TOTRODROU, COMMUNES ET SOUS-PREFECTURES",94,30990,10715,0.3458,550,10165,117,0.0115,ACI,BAH FERDINAND,193,0.019,False
NOMEUG,092,"KOUIBLY, NIDROU, OUYABLY-GNONDROU ET TOTRODROU, COMMUNES ET SOUS-PREFECTURES",94,30990,10715,0.3458,550,10165,117,0.0115,RHDP,TAHOU THIERRY,3858,0.3795,True
NOMEUG,092,"KOUIBLY, NIDROU, OUYABLY-GNONDROU ET TOTRODROU, COMMUNES ET SOUS-PREFECTURES",94,30990,10715,0.3458,550,10165,117,0.0115,GP-PAIX,GBE GNIONTY ANGELESSE JACQUELIN,258,0.0254,False
LOBMAH,093,"BASSAWA, SATAMA-SOKORO ET SATAMA-SOKOURA, COMMUNES ET SOUS-PREFECTURES",73,19028,10798,0.5675,187,10611,123,0.0116,INDEPENDANT,KARIDIOULA SOULEYMANE,3946,0.37189999999999995,False
LOBMAH,093,"BASSAWA, SATAMA-SOKORO ET SATAMA-SOKOURA, COMMUNES ET SOUS-PREFECTURES",73,19028,10798,0.5675,187,10611,123,0.0116,RHDP,FOFANA BASSATIGUI,6542,0.6164999999999999,True
LOBMAH,094,"DABAKALA, SOKALA-SOBARA, TENDENE-BAMBARASSO ET YAOSSEDOUGOU, COMMUNES ET SOUS-PREFECTURES",108,28370,16909,0.596,253,16656,174,0.0104,INDEPENDANT,COULIBALY ABOUBAKARY,3373,0.2025,False
LOBMAH,094,"DABAKALA, SOKALA-SOBARA, TENDENE-BAMBARASSO ET YAOSSEDOUGOU, COMMUNES ET SOUS-PREFECTURES",108,28370,16909,0.596,253,16656,174,0.0104,INDEPENDANT,COULIBALY DROUGNAN MOHAMED,311,0.0187,False
LOBMAH,094,"DABAKALA, SOKALA-SOBARA, TENDENE-BAMBARASSO ET YAOSSEDOUGOU, COMMUNES ET SOUS-PREFECTURES",108,28370,16909,0.596,253,16656,174,0.0104,RHDP,KONATE IBRAHIM KALIL,12798,0.7684000000000001,True
LOBMAH,095,"BONIEREDOUGOU ET FOUMBOLO, COMMUNES ET SOUS- PREFECTURES",82,22014,11652,0.5293,295,11357,175,0.0154,ADCI,KARIDIOULA NIEHINAPARAN,555,0.0489,False
LOBMAH,095,"BONIEREDOUGOU ET FOUMBOLO, COMMUNES ET SOUS- PREFECTURES",82,22014,11652,0.5293,295,11357,175,0.0154,INDEPENDANT,OUATTARA DOKOLIO GERARD,2475,0.21789999999999998,False
LOBMAH,095,"BONIEREDOUGOU ET FOUMBOLO, COMMUNES ET SOUS- PREFECTURES",82,22014,11652,0.5293,295,11357,175,0.0154,RHDP,COULIBALY AMADOU TIDIANE,7762,0.6835,True
LOBMAH,095,"BONIEREDOUGOU ET FOUMBOLO, COMMUNES ET SOUS- PREFECTURES",82,22014,11652,0.5293,295,11357,175,0.0154,INDEPENDANT,COULIBALY SOULEYMANE,390,0.034300000000000004,False
LOBMAH,096,"FRONAN, KATIOLA ET TIMBE, COMMUNES ET SOUS- PREFECTURES",128,45033,17667,0.3923,396,17271,271,0.015700000000000002,INDEPENDANT,TRAORE KARIME,5146,0.298,False
LOBMAH,096,"FRONAN, KATIOLA ET TIMBE, COMMUNES ET SOUS- PREFECTURES",128,45033,17667,0.3923,396,17271,271,0.015700000000000002,RHDP,CAMARA POGABAHA THOMAS,11788,0.6825,True
LOBMAH,096,"FRONAN, KATIOLA ET TIMBE, COMMUNES ET SOUS- PREFECTURES",128,45033,17667,0.3923,396,17271,271,0.015700000000000002,AIDE,PARE KATITCHO BINTOU CATHERINE,66,0.0038,False
LOBMAH,097,"ARIKOKAHA, NIAKARAMANDOUGOU ET TORTIYA, COMMUNES ET SOUS-PREFECTURES",81,27757,12576,0.4531,103,12473,160,0.0128,INDEPENDANT,TRAORE KARIDIA,2808,0.22510000000000002,False
LOBMAH,097,"ARIKOKAHA, NIAKARAMANDOUGOU ET TORTIYA, COMMUNES ET SOUS-PREFECTURES",81,27757,12576,0.4531,103,12473,160,0.0128,RHDP,KONE CATHERINE,8915,0.7147,True
LOBMAH,097,"ARIKOKAHA, NIAKARAMANDOUGOU ET TORTIYA, COMMUNES ET SOUS-PREFECTURES",81,27757,12576,0.4531,103,12473,160,0.0128,PDCI-RDA,TOURE ISSOUF,590,0.0473,False
LOBMAH,098,"BADIKAHA, NIEDEKAHA ET TAFIRE, COMMUNES ET SOUS- PREFECTURES",74,23601,23389,0.991,44,23345,16,0.0007000000000000001,RHDP,KONE TIEMOKO MEYLIET,23329,0.9993000000000001,True
ARDNASSAS-TUAH,099,"BEDIALA, GADOUAN ET GONATE, COMMUNES ET SOUS- PREFECTURES",147,41499,12590,0.3034,457,12133,146,0.012,INDEPENDANT,ALLIANCE POUR LA DEMOCRATIE ET LE DEVELOPPEMENT,3602,0.2969,False
ARDNASSAS-TUAH,099,"BEDIALA, GADOUAN ET GONATE, COMMUNES ET SOUS- PREFECTURES",147,41499,12590,0.3034,457,12133,146,0.012,RHDP,"UNE COTE DIVOIRE EN PAIX, PROSPERE ET SOLIDAIRE",5873,0.4841,True
ARDNASSAS-TUAH,099,"BEDIALA, GADOUAN ET GONATE, COMMUNES ET SOUS- PREFECTURES",147,41499,12590,0.3034,457,12133,146,0.012,PDCI-RDA,TOUS ENSEMBLE POUR LA CÔTE D'IVOIRE,2512,0.207,False
ARDNASSAS-TUAH,100,"DALOA, VILLE ET SOUS-PREFECTURE",358,129515,27394,0.2115,401,26993,265,0.0098,INDEPENDANT,PRO COTE D'IVOIRE POUR UN PARLEMENT DEFENSEUR DES POPULATIONS,412,0.015300000000000001,False
ARDNASSAS-TUAH,100,"DALOA, VILLE ET SOUS-PREFECTURE",358,129515,27394,0.2115,401,26993,265,0.0098,INDEPENDANT,ENSEMBLE REALISONS,1035,0.0383,False
ARDNASSAS-TUAH,100,"DALOA, VILLE ET SOUS-PREFECTURE",358,129515,27394,0.2115,401,26993,265,0.0098,INDEPENDANT,LESPOIR POLITIQUE DE DALOA,990,0.036699999999999997,False
ARDNASSAS-TUAH,100,"DALOA, VILLE ET SOUS-PREFECTURE",358,129515,27394,0.2115,401,26993,265,0.0098,INDEPENDANT,EGALITE POUR LEQUILIBRE SOCIO-ECONOMIQUE,987,0.0366,False
ARDNASSAS-TUAH,100,"DALOA, VILLE ET SOUS-PREFECTURE",358,129515,27394,0.2115,401,26993,265,0.0098,RHDP,"UNE COTE D""IVOIRE EN PAIX,PROSPERE ET SOLIDAIRE",21340,0.7906,True
ARDNASSAS-TUAH,100,"DALOA, VILLE ET SOUS-PREFECTURE",358,129515,27394,0.2115,401,26993,265,0.0098,INDEPENDANT,POUR NOUS CEST DALOA,1844,0.0683,False
ARDNASSAS-TUAH,100,"DALOA, VILLE ET SOUS-PREFECTURE",358,129515,27394,0.2115,401,26993,265,0.0098,INDEPENDANT,JEUNESSE UNIE DE DALOA,120,0.0044,False
ARDNASSAS-TUAH,101,"GBOGUHE ET ZAHIBO, COMMUNES ET SOUS- PREFECTURES",103,24051,10915,0.45380000000000004,256,10659,122,0.011399999999999999,INDEPENDANT,DIGBEU TOH LAMBERT,366,0.034300000000000004,False
ARDNASSAS-TUAH,101,"GBOGUHE ET ZAHIBO, COMMUNES ET SOUS- PREFECTURES",103,24051,10915,0.45380000000000004,256,10659,122,0.011399999999999999,ADCI,TETIALY TETIALY ADOLPHE,34,0.0032,False
ARDNASSAS-TUAH,101,"GBOGUHE ET ZAHIBO, COMMUNES ET SOUS- PREFECTURES",103,24051,10915,0.45380000000000004,256,10659,122,0.011399999999999999,RHDP,OUATTARA BAKARY,3511,0.32939999999999997,False
ARDNASSAS-TUAH,101,"GBOGUHE ET ZAHIBO, COMMUNES ET SOUS- PREFECTURES",103,24051,10915,0.45380000000000004,256,10659,122,0.011399999999999999,INDEPENDANT,KIPRE STEPHANE AYMAR AUGUSTIN,5907,0.5542,True
ARDNASSAS-TUAH,101,"GBOGUHE ET ZAHIBO, COMMUNES ET SOUS- PREFECTURES",103,24051,10915,0.45380000000000004,256,10659,122,0.011399999999999999,MGC,BIAHI FLORA ESTELLE DESIREE,21,0.002,False
ARDNASSAS-TUAH,101,"GBOGUHE ET ZAHIBO, COMMUNES ET SOUS- PREFECTURES",103,24051,10915,0.45380000000000004,256,10659,122,0.011399999999999999,PDCI-RDA,LIKANE-YAGUI JEAN,698,0.0655,False
ARDNASSAS-TUAH,102,"BOGUEDIA, ISSIA ET TAPEGUIA, COMMUNES ET SOUS- PREFECTURES",166,52889,13588,0.2569,447,13141,130,0.009899999999999999,INDEPENDANT,UNION DES JEUNES POUR LE DEVELOPPEMENT,264,0.020099999999999996,False
ARDNASSAS-TUAH,102,"BOGUEDIA, ISSIA ET TAPEGUIA, COMMUNES ET SOUS- PREFECTURES",166,52889,13588,0.2569,447,13141,130,0.009899999999999999,RHDP,"UNE COTE DIVOIRE EN PAIX,PROSPERE ET SOLIDAIRE",5651,0.43,True
ARDNASSAS-TUAH,102,"BOGUEDIA, ISSIA ET TAPEGUIA, COMMUNES ET SOUS- PREFECTURES",166,52889,13588,0.2569,447,13141,130,0.009899999999999999,INDEPENDANT,EPI (ENSSEMBLE POUR ISSIA),2451,0.1865,False
ARDNASSAS-TUAH,102,"BOGUEDIA, ISSIA ET TAPEGUIA, COMMUNES ET SOUS- PREFECTURES",166,52889,13588,0.2569,447,13141,130,0.009899999999999999,INDEPENDANT,ENSEMBLE POUR LA CAUSE D'ISSIA,954,0.0726,False
ARDNASSAS-TUAH,102,"BOGUEDIA, ISSIA ET TAPEGUIA, COMMUNES ET SOUS- PREFECTURES",166,52889,13588,0.2569,447,13141,130,0.009899999999999999,INDEPENDANT,TOUS UNIS POUR ISSIA,3691,0.2809,False
ARDNASSAS-TUAH,103,"IBOGUHE ET NAMANE, COMMUNES ET SOUS- PREFECTURES",68,19888,6218,0.3127,156,6062,76,0.0125,INDEPENDANT,GOKOU YODE PATRICK,1793,0.2958,False
ARDNASSAS-TUAH,103,"IBOGUHE ET NAMANE, COMMUNES ET SOUS- PREFECTURES",68,19888,6218,0.3127,156,6062,76,0.0125,INDEPENDANT,SERY GBOGUHE RICHARD,308,0.0508,False
ARDNASSAS-TUAH,103,"IBOGUHE ET NAMANE, COMMUNES ET SOUS- PREFECTURES",68,19888,6218,0.3127,156,6062,76,0.0125,INDEPENDANT,LAGO DONWAHI CHARLES,133,0.0219,False
ARDNASSAS-TUAH,103,"IBOGUHE ET NAMANE, COMMUNES ET SOUS- PREFECTURES",68,19888,6218,0.3127,156,6062,76,0.0125,MNRP,LOUOBA MICHAEL,727,0.1199,False
ARDNASSAS-TUAH,103,"IBOGUHE ET NAMANE, COMMUNES ET SOUS- PREFECTURES",68,19888,6218,0.3127,156,6062,76,0.0125,RHDP,TRAORE DOTEME,1950,0.32170000000000004,True
ARDNASSAS-TUAH,103,"IBOGUHE ET NAMANE, COMMUNES ET SOUS- PREFECTURES",68,19888,6218,0.3127,156,6062,76,0.0125,INDEPENDANT,PALLE PALLE ISIDORE,91,0.015,False
ARDNASSAS-TUAH,103,"IBOGUHE ET NAMANE, COMMUNES ET SOUS- PREFECTURES",68,19888,6218,0.3127,156,6062,76,0.0125,GP-PAIX,KOUAKOU KOFFI,44,0.0073,False
ARDNASSAS-TUAH,103,"IBOGUHE ET NAMANE, COMMUNES ET SOUS- PREFECTURES",68,19888,6218,0.3127,156,6062,76,0.0125,INDEPENDANT,YOBOUET KOUAKOU DIEUDONNE,49,0.008100000000000001,False
ARDNASSAS-TUAH,103,"IBOGUHE ET NAMANE, COMMUNES ET SOUS- PREFECTURES",68,19888,6218,0.3127,156,6062,76,0.0125,PDCI-RDA,DIBAHI DODO AMEDEE,891,0.147,False
ARDNASSAS-TUAH,104,"NAHIO ET SAIOUA, COMMUNES ET SOUS-PREFECTURES",109,33075,13469,0.4072,280,13189,162,0.0123,CODE,SERI LANDRY,342,0.0259,False
ARDNASSAS-TUAH,104,"NAHIO ET SAIOUA, COMMUNES ET SOUS-PREFECTURES",109,33075,13469,0.4072,280,13189,162,0.0123,INDEPENDANT,SOKORA SOKORA ARMAND,216,0.016399999999999998,False
ARDNASSAS-TUAH,104,"NAHIO ET SAIOUA, COMMUNES ET SOUS-PREFECTURES",109,33075,13469,0.4072,280,13189,162,0.0123,RHDP,LOKPO BRAHIMA,9209,0.6981999999999999,True
ARDNASSAS-TUAH,104,"NAHIO ET SAIOUA, COMMUNES ET SOUS-PREFECTURES",109,33075,13469,0.4072,280,13189,162,0.0123,INDEPENDANT,YOKOZO MARINA ANGELE,76,0.0058,False
ARDNASSAS-TUAH,104,"NAHIO ET SAIOUA, COMMUNES ET SOUS-PREFECTURES",109,33075,13469,0.4072,280,13189,162,0.0123,MGC,MADI BOUABRE,258,0.0196,False
ARDNASSAS-TUAH,104,"NAHIO ET SAIOUA, COMMUNES ET SOUS-PREFECTURES",109,33075,13469,0.4072,280,13189,162,0.0123,PDCI-RDA,DJEDJE MADY ALPHONSE,2926,0.22190000000000001,False
ARDNASSAS-TUAH,105,"BAZRA NATILS, DANANON, KETRO·BASSAM ET VAVOUA, COMMUNES ET SOUS·PREFECTURES",139,40972,12481,0.3046,430,12051,428,0.0355,INDEPENDANT,VAVOUA ENSEMBLE C'EST POSSIBLE,2990,0.2481,False
ARDNASSAS-TUAH,105,"BAZRA NATILS, DANANON, KETRO·BASSAM ET VAVOUA, COMMUNES ET SOUS·PREFECTURES",139,40972,12481,0.3046,430,12051,428,0.0355,INDEPENDANT,ENSEMBLE POUR LE DEVELOPPEMENT,205,0.017,False
ARDNASSAS-TUAH,105,"BAZRA NATILS, DANANON, KETRO·BASSAM ET VAVOUA, COMMUNES ET SOUS·PREFECTURES",139,40972,12481,0.3046,430,12051,428,0.0355,RHDP,"UNE COTE DIVOIRE EN PAIX, PROSPERE ET SOLIDAIRE",4576,0.3797,True
ARDNASSAS-TUAH,105,"BAZRA NATILS, DANANON, KETRO·BASSAM ET VAVOUA, COMMUNES ET SOUS·PREFECTURES",139,40972,12481,0.3046,430,12051,428,0.0355,INDEPENDANT,LE CHANGEMENT C'EST MAINTENANT,324,0.0269,False
ARDNASSAS-TUAH,105,"BAZRA NATILS, DANANON, KETRO·BASSAM ET VAVOUA, COMMUNES ET SOUS·PREFECTURES",139,40972,12481,0.3046,430,12051,428,0.0355,INDEPENDANT,"VAVOUA, JEUNESSE DEBOUT",297,0.0246,False
ARDNASSAS-TUAH,105,"BAZRA NATILS, DANANON, KETRO·BASSAM ET VAVOUA, COMMUNES ET SOUS·PREFECTURES",139,40972,12481,0.3046,430,12051,428,0.0355,INDEPENDANT,ENSEMBLE POUR LA RELEVE,58,0.0048,False
ARDNASSAS-TUAH,105,"BAZRA NATILS, DANANON, KETRO·BASSAM ET VAVOUA, COMMUNES ET SOUS·PREFECTURES",139,40972,12481,0.3046,430,12051,428,0.0355,INDEPENDANT,VAVOUA LE CHANGEMENT C'EST MAINTENANT,115,0.0095,False
ARDNASSAS-TUAH,105,"BAZRA NATILS, DANANON, KETRO·BASSAM ET VAVOUA, COMMUNES ET SOUS·PREFECTURES",139,40972,12481,0.3046,430,12051,428,0.0355,INDEPENDANT,UN NOUVEAU DEPART,65,0.0054,False
ARDNASSAS-TUAH,105,"BAZRA NATILS, DANANON, KETRO·BASSAM ET VAVOUA, COMMUNES ET SOUS·PREFECTURES",139,40972,12481,0.3046,430,12051,428,0.0355,PDCI-RDA,TOUS ENSEMBLE POUR LA CÔTE D'IVOIRE,2993,0.2484,False
ARDNASSAS-TUAH,106,"DANIA, COMMUNE ET SOUS-PREFECTURE",46,12480,5299,0.42460000000000003,154,5145,107,0.0208,INDEPENDANT,KOUAME KOUADIO ANDERSON,1090,0.2119,False
ARDNASSAS-TUAH,106,"DANIA, COMMUNE ET SOUS-PREFECTURE",46,12480,5299,0.42460000000000003,154,5145,107,0.0208,INDEPENDANT,N'GUESSAN KOUAKOU SALOMON,59,0.0115,False
ARDNASSAS-TUAH,106,"DANIA, COMMUNE ET SOUS-PREFECTURE",46,12480,5299,0.42460000000000003,154,5145,107,0.0208,INDEPENDANT,SERY SOKO,310,0.0603,False
ARDNASSAS-TUAH,106,"DANIA, COMMUNE ET SOUS-PREFECTURE",46,12480,5299,0.42460000000000003,154,5145,107,0.0208,RHDP,VEDEA BLIKAN ELISABETH,2374,0.46140000000000003,True
ARDNASSAS-TUAH,106,"DANIA, COMMUNE ET SOUS-PREFECTURE",46,12480,5299,0.42460000000000003,154,5145,107,0.0208,INDEPENDANT,GBEDEGNE NADJE HUGUES,173,0.0336,False
ARDNASSAS-TUAH,106,"DANIA, COMMUNE ET SOUS-PREFECTURE",46,12480,5299,0.42460000000000003,154,5145,107,0.0208,INDEPENDANT,BERTE NADO AMARA,57,0.0111,False
ARDNASSAS-TUAH,106,"DANIA, COMMUNE ET SOUS-PREFECTURE",46,12480,5299,0.42460000000000003,154,5145,107,0.0208,PDCI-RDA,TAPE TOUAPLI,975,0.1895,False
ARDNASSAS-TUAH,107,"SEITIFLA, COMMUNE ET SOUS-PREFECTURE",42,11109,5174,0.4657,183,4991,88,0.0176,RHDP,TRA BI SUI GUILLAUME,3312,0.6636,True
ARDNASSAS-TUAH,107,"SEITIFLA, COMMUNE ET SOUS-PREFECTURE",42,11109,5174,0.4657,183,4991,88,0.0176,INDEPENDANT,OUIGNAN MARTIN,1416,0.2837,False
ARDNASSAS-TUAH,107,"SEITIFLA, COMMUNE ET SOUS-PREFECTURE",42,11109,5174,0.4657,183,4991,88,0.0176,INDEPENDANT,KOUASSI BROU GAUTHIER,175,0.0351,False
ARDNASSAS-TUAH,108,"DOMANGBEU, GREGBEU, GUESSABO ET ZOUKOUGBEU, COMMUNES ET SOUS·PREFECTURES",92,24325,8062,0.33140000000000003,171,7891,85,0.0108,FPP,BAMBA KALIFA,37,0.004699999999999999,False
ARDNASSAS-TUAH,108,"DOMANGBEU, GREGBEU, GUESSABO ET ZOUKOUGBEU, COMMUNES ET SOUS·PREFECTURES",92,24325,8062,0.33140000000000003,171,7891,85,0.0108,RHDP,DOH DIBAHI MARCELLIN,4276,0.5418999999999999,True
ARDNASSAS-TUAH,108,"DOMANGBEU, GREGBEU, GUESSABO ET ZOUKOUGBEU, COMMUNES ET SOUS·PREFECTURES",92,24325,8062,0.33140000000000003,171,7891,85,0.0108,INDEPENDANT,TETEA ZAMOSSE LEONARD,357,0.0452,False
ARDNASSAS-TUAH,108,"DOMANGBEU, GREGBEU, GUESSABO ET ZOUKOUGBEU, COMMUNES ET SOUS·PREFECTURES",92,24325,8062,0.33140000000000003,171,7891,85,0.0108,PDCI-RDA,GOZE SEPLE BERNARD,3136,0.39740000000000003,False
UOFFI,109,"AKPASSANOU, ANANDA ET OUELLE COMMUNES ET SOUS- PREFECTURES",70,19944,7665,0.3843,237,7428,54,0.0073,INDEPENDANT,KOUASSI KOUADIO FRANCOIS,48,0.006500000000000001,False
UOFFI,109,"AKPASSANOU, ANANDA ET OUELLE COMMUNES ET SOUS- PREFECTURES",70,19944,7665,0.3843,237,7428,54,0.0073,GP-PAIX,KONAN KOUAKOU,98,0.0132,False
UOFFI,109,"AKPASSANOU, ANANDA ET OUELLE COMMUNES ET SOUS- PREFECTURES",70,19944,7665,0.3843,237,7428,54,0.0073,PDCI-RDA,YAO N'GUESSAN JUSTIN INNOCENT,4346,0.5851,True
UOFFI,109,"AKPASSANOU, ANANDA ET OUELLE COMMUNES ET SOUS- PREFECTURES",70,19944,7665,0.3843,237,7428,54,0.0073,INDEPENDANT,KOUAKOU KOUADIO JEAN-ARSENE,709,0.09539999999999998,False
UOFFI,109,"AKPASSANOU, ANANDA ET OUELLE COMMUNES ET SOUS- PREFECTURES",70,19944,7665,0.3843,237,7428,54,0.0073,RHDP,KOUAKOU KOUASSI HUBERT,2173,0.2925,False
UOFFI,110,"DAOUKRO ET N'GATTAKRO, COMMUNES ET SOUS- PREFECTURES",111,37825,10860,0.2871,436,10424,72,0.0069,INDEPENDANT,AKOTO KOUASSI OLIVIER,2411,0.23129999999999998,False
UOFFI,110,"DAOUKRO ET N'GATTAKRO, COMMUNES ET SOUS- PREFECTURES",111,37825,10860,0.2871,436,10424,72,0.0069,RHDP,KOUAKOU KOUADIO GERMAIN,939,0.0901,False
UOFFI,110,"DAOUKRO ET N'GATTAKRO, COMMUNES ET SOUS- PREFECTURES",111,37825,10860,0.2871,436,10424,72,0.0069,PDCI-RDA,KOUASSI TEOPHILE,5907,0.5667,True
UOFFI,110,"DAOUKRO ET N'GATTAKRO, COMMUNES ET SOUS- PREFECTURES",111,37825,10860,0.2871,436,10424,72,0.0069,INDEPENDANT,TRAORE ABOU,658,0.06309999999999999,False
UOFFI,110,"DAOUKRO ET N'GATTAKRO, COMMUNES ET SOUS- PREFECTURES",111,37825,10860,0.2871,436,10424,72,0.0069,INDEPENDANT,KOUAME KOUASSI BENSON,437,0.04190000000000001,False
UOFFI,111,"ETTROKRO ET SAMANZA, COMMUNES ET SOUS- PREFECTURES",44,11430,5639,0.49340000000000006,315,5324,53,0.01,PDCI-RDA,N'DOUFOU KOUASSI RICHARD,1753,0.3293,True
UOFFI,111,"ETTROKRO ET SAMANZA, COMMUNES ET SOUS- PREFECTURES",44,11430,5639,0.49340000000000006,315,5324,53,0.01,INDEPENDANT,KOUA MORO JEAN-BAPTISTE,765,0.1437,False
UOFFI,111,"ETTROKRO ET SAMANZA, COMMUNES ET SOUS- PREFECTURES",44,11430,5639,0.49340000000000006,315,5324,53,0.01,INDEPENDANT,EKRA KOFFI JEAN-JACQUES,1590,0.2986,False
UOFFI,111,"ETTROKRO ET SAMANZA, COMMUNES ET SOUS- PREFECTURES",44,11430,5639,0.49340000000000006,315,5324,53,0.01,RHDP,KOFFI KONIEN MOISE,1163,0.2184,False
UOFFI,112,"BONGUERA, KONDOSSOU ET M'BAHIAKRO, COMMUNES ET SOUS-PREFECTURES",118,31073,14797,0.47619999999999996,640,14157,198,0.013999999999999999,INDEPENDANT,KOUAKOU ATCHELAUD FAUSTO LEWIS,2500,0.1766,False
UOFFI,112,"BONGUERA, KONDOSSOU ET M'BAHIAKRO, COMMUNES ET SOUS-PREFECTURES",118,31073,14797,0.47619999999999996,640,14157,198,0.013999999999999999,INDEPENDANT,TRAORE AHMED PARFAIT,4697,0.3318,True
UOFFI,112,"BONGUERA, KONDOSSOU ET M'BAHIAKRO, COMMUNES ET SOUS-PREFECTURES",118,31073,14797,0.47619999999999996,640,14157,198,0.013999999999999999,PDCI-RDA,KOUAME TIALY HONORE,2516,0.1777,False
UOFFI,112,"BONGUERA, KONDOSSOU ET M'BAHIAKRO, COMMUNES ET SOUS-PREFECTURES",118,31073,14797,0.47619999999999996,640,14157,198,0.013999999999999999,INDEPENDANT,KOUAME KOUADIO JEAN JACQUES,168,0.011899999999999999,False
UOFFI,112,"BONGUERA, KONDOSSOU ET M'BAHIAKRO, COMMUNES ET SOUS-PREFECTURES",118,31073,14797,0.47619999999999996,640,14157,198,0.013999999999999999,INDEPENDANT,KOUAKOU KOUADIO,3004,0.2122,False
UOFFI,112,"BONGUERA, KONDOSSOU ET M'BAHIAKRO, COMMUNES ET SOUS-PREFECTURES",118,31073,14797,0.47619999999999996,640,14157,198,0.013999999999999999,RHDP,OUATTARA BAKARY,1074,0.0759,False
UOFFI,113,"ANIANOU, FAMIENKRO, KOFFI-AMONKRO, NAFANA ET PRIKRO, COMMUNESETSOU~PREFECTURES",105,30711,15501,0.5047,406,15095,225,0.0149,PDCI-RDA,ADI KOUAME ISAC,6704,0.44409999999999994,False
UOFFI,113,"ANIANOU, FAMIENKRO, KOFFI-AMONKRO, NAFANA ET PRIKRO, COMMUNESETSOU~PREFECTURES",105,30711,15501,0.5047,406,15095,225,0.0149,INDEPENDANT,DRAMANE KOUAKOU AMADOU,278,0.0184,False
UOFFI,113,"ANIANOU, FAMIENKRO, KOFFI-AMONKRO, NAFANA ET PRIKRO, COMMUNESETSOU~PREFECTURES",105,30711,15501,0.5047,406,15095,225,0.0149,RHDP,KOUASSI KOUASSI JEAN CLAUDE,7888,0.5226,True
NILBAUJD-EINEDNI,114,"ABENGOUROU, COMMUNE",128,48575,11873,0.2444,206,11667,48,0.0040999999999999995,INDEPENDANT,KONE MOUSSA,1039,0.0891,False
NILBAUJD-EINEDNI,114,"ABENGOUROU, COMMUNE",128,48575,11873,0.2444,206,11667,48,0.0040999999999999995,INDEPENDANT,NINTANE MAMADOU,1006,0.0862,False
NILBAUJD-EINEDNI,114,"ABENGOUROU, COMMUNE",128,48575,11873,0.2444,206,11667,48,0.0040999999999999995,RHDP,BAH ABDOULAYE,5872,0.5033,True
NILBAUJD-EINEDNI,114,"ABENGOUROU, COMMUNE",128,48575,11873,0.2444,206,11667,48,0.0040999999999999995,INDEPENDANT,FOFANA ABDOUL KARIM,76,0.006500000000000001,False
NILBAUJD-EINEDNI,114,"ABENGOUROU, COMMUNE",128,48575,11873,0.2444,206,11667,48,0.0040999999999999995,PDCI-RDA,BREDOU BREDOU ATHANASE,3626,0.31079999999999997,False
NILBAUJD-EINEDNI,114,"ABENGOUROU, COMMUNE",128,48575,11873,0.2444,206,11667,48,0.0040999999999999995,RHDP,"UNE CÔTE DIVOIRE EN PAIX, PROSPÈRE ET SOLIDAIRE",17921,0.8226,True
NILBAUJD-EINEDNI,116,"AGNIBILEKROU, COMMUNE ET SOUS-PREFECTURES",74,28087,11675,0.4157,423,11252,77,0.0068000000000000005,INDEPENDANT,KOUAME BELLEBA MYRIAM ASHELEY,51,0.0045000000000000005,False
NILBAUJD-EINEDNI,116,"AGNIBILEKROU, COMMUNE ET SOUS-PREFECTURES",74,28087,11675,0.4157,423,11252,77,0.0068000000000000005,INDEPENDANT,ASSEMIAN EPSE TAHI AKISSI MARIE-PAUL,32,0.0028000000000000004,False
NILBAUJD-EINEDNI,116,"AGNIBILEKROU, COMMUNE ET SOUS-PREFECTURES",74,28087,11675,0.4157,423,11252,77,0.0068000000000000005,RHDP,FOFANA SIANDOU,5744,0.5105,True
NILBAUJD-EINEDNI,116,"AGNIBILEKROU, COMMUNE ET SOUS-PREFECTURES",74,28087,11675,0.4157,423,11252,77,0.0068000000000000005,INDEPENDANT,BEUGRE KOFFI BOAFFE BRICE CYRILE,122,0.0108,False
NILBAUJD-EINEDNI,116,"AGNIBILEKROU, COMMUNE ET SOUS-PREFECTURES",74,28087,11675,0.4157,423,11252,77,0.0068000000000000005,PDCI-RDA,MANDODJA M'BIA ROGER,5226,0.4645,False
NILBAUJD-EINEDNI,117,"AKOBOISSUE ET DAME, DOUFFREBO ET TANGUELAN, COMMUNES ET SOUS-PREFECTURES",67,17960,8130,0.45270000000000005,470,7660,67,0.0087,INDEPENDANT,BARRY SOULEYMANE,54,0.006999999999999999,False
NILBAUJD-EINEDNI,117,"AKOBOISSUE ET DAME, DOUFFREBO ET TANGUELAN, COMMUNES ET SOUS-PREFECTURES",67,17960,8130,0.45270000000000005,470,7660,67,0.0087,INDEPENDANT,KAMBIRE SIE,68,0.0089,False
NILBAUJD-EINEDNI,117,"AKOBOISSUE ET DAME, DOUFFREBO ET TANGUELAN, COMMUNES ET SOUS-PREFECTURES",67,17960,8130,0.45270000000000005,470,7660,67,0.0087,RHDP,ABOULAYE NANGO,3308,0.43189999999999995,True
NILBAUJD-EINEDNI,117,"AKOBOISSUE ET DAME, DOUFFREBO ET TANGUELAN, COMMUNES ET SOUS-PREFECTURES",67,17960,8130,0.45270000000000005,470,7660,67,0.0087,INDEPENDANT,KOUAKOU ADOU LEON,1051,0.13720000000000002,False
NILBAUJD-EINEDNI,117,"AKOBOISSUE ET DAME, DOUFFREBO ET TANGUELAN, COMMUNES ET SOUS-PREFECTURES",67,17960,8130,0.45270000000000005,470,7660,67,0.0087,PDCI-RDA,AMANKOU JEAN MICHEL,3112,0.40630000000000005,False
NILBAUJD-EINEDNI,118,"BETTIE ET DIAMARAKRO, COMMUNES ET SOUS- PREFECTURES",47,14086,5069,0.3599,142,4927,30,0.0060999999999999995,INDEPENDANT,KONAN JEAN DE DIEU,1462,0.2967,False
NILBAUJD-EINEDNI,118,"BETTIE ET DIAMARAKRO, COMMUNES ET SOUS- PREFECTURES",47,14086,5069,0.3599,142,4927,30,0.0060999999999999995,ADCI,ANOH KOUAO STEPHANE,94,0.0191,False
NILBAUJD-EINEDNI,118,"BETTIE ET DIAMARAKRO, COMMUNES ET SOUS- PREFECTURES",47,14086,5069,0.3599,142,4927,30,0.0060999999999999995,RHDP,TANO MANIZAN ETIENNE,1740,0.3532,True
NILBAUJD-EINEDNI,118,"BETTIE ET DIAMARAKRO, COMMUNES ET SOUS- PREFECTURES",47,14086,5069,0.3599,142,4927,30,0.0060999999999999995,INDEPENDANT,ALIKO NCHO FRANCK ANGHUI,238,0.0483,False
NILBAUJD-EINEDNI,118,"BETTIE ET DIAMARAKRO, COMMUNES ET SOUS- PREFECTURES",47,14086,5069,0.3599,142,4927,30,0.0060999999999999995,PDCI-RDA,BROU MIAN,1363,0.2766,False
UOGUODABAK,119,"GBONGAHA ET SEGUELON, COMMUNES ET SOUS- PREFECTURES",39,11815,8223,0.696,50,8173,104,0.0127,INDEPENDANT,FOFANA MAMADOU,2571,0.3146,False
UOGUODABAK,119,"GBONGAHA ET SEGUELON, COMMUNES ET SOUS- PREFECTURES",39,11815,8223,0.696,50,8173,104,0.0127,RHDP,KONE IBRAHIMA,5439,0.6655,True
UOGUODABAK,119,"GBONGAHA ET SEGUELON, COMMUNES ET SOUS- PREFECTURES",39,11815,8223,0.696,50,8173,104,0.0127,PDCI-RDA,KONE SEYDOU,59,0.0072,False
UOGUODABAK,120,"FENGOLO, MADINANI ET N'GOLOBLASSO, COMMUNES ET SOUS-PREFECTURES",55,17672,11759,0.6654000000000001,138,11621,149,0.0128,RHDP,KONATE LADJI,7042,0.606,True
UOGUODABAK,120,"FENGOLO, MADINANI ET N'GOLOBLASSO, COMMUNES ET SOUS-PREFECTURES",55,17672,11759,0.6654000000000001,138,11621,149,0.0128,INDEPENDANT,FOFANA LASSANA,4430,0.3812,False
UOGUODABAK,121,"BAKO, BOUGOUSSO ET DIOULATIEDOUGOU, COMMUNES ET SOUS-PREFECTURES",69,18754,13278,0.708,142,13136,158,0.012,INDEPENDANT,BAMBA MOUSSA,283,0.0215,False
UOGUODABAK,121,"BAKO, BOUGOUSSO ET DIOULATIEDOUGOU, COMMUNES ET SOUS-PREFECTURES",69,18754,13278,0.708,142,13136,158,0.012,INDEPENDANT,KONE DAVID MEBRA,170,0.0129,False
UOGUODABAK,121,"BAKO, BOUGOUSSO ET DIOULATIEDOUGOU, COMMUNES ET SOUS-PREFECTURES",69,18754,13278,0.708,142,13136,158,0.012,INDEPENDANT,TRAORE DRISSA,521,0.0397,False
UOGUODABAK,121,"BAKO, BOUGOUSSO ET DIOULATIEDOUGOU, COMMUNES ET SOUS-PREFECTURES",69,18754,13278,0.708,142,13136,158,0.012,INDEPENDANT,TRAORE SOUALIHO,2018,0.1536,False
UOGUODABAK,121,"BAKO, BOUGOUSSO ET DIOULATIEDOUGOU, COMMUNES ET SOUS-PREFECTURES",69,18754,13278,0.708,142,13136,158,0.012,INDEPENDANT,ISSOUF TRAORE,960,0.0731,False
UOGUODABAK,121,"BAKO, BOUGOUSSO ET DIOULATIEDOUGOU, COMMUNES ET SOUS-PREFECTURES",69,18754,13278,0.708,142,13136,158,0.012,RHDP,DIARRA CEDRIC TIDIANE,9026,0.6870999999999999,True
UOGUODABAK,122,"GBELEBAN ET SEYDOUGOU, COMMUNES ET SOUS- PREFECTURES",23,7903,4577,0.5791,92,4485,75,0.0167,INDEPENDANT,SANOGO AMADOU,47,0.0105,False
UOGUODABAK,122,"GBELEBAN ET SEYDOUGOU, COMMUNES ET SOUS- PREFECTURES",23,7903,4577,0.5791,92,4485,75,0.0167,INDEPENDANT,TRAORE BOURAHIMA,215,0.0479,False
UOGUODABAK,122,"GBELEBAN ET SEYDOUGOU, COMMUNES ET SOUS- PREFECTURES",23,7903,4577,0.5791,92,4485,75,0.0167,INDEPENDANT,TRAORE SOULEIMANE,199,0.0444,False
UOGUODABAK,122,"GBELEBAN ET SEYDOUGOU, COMMUNES ET SOUS- PREFECTURES",23,7903,4577,0.5791,92,4485,75,0.0167,RHDP,DOUMBIA ALASSANE,1916,0.42719999999999997,True
UOGUODABAK,122,"GBELEBAN ET SEYDOUGOU, COMMUNES ET SOUS- PREFECTURES",23,7903,4577,0.5791,92,4485,75,0.0167,INDEPENDANT,VAKABA FOFANA,1914,0.4268,False
UOGUODABAK,122,"GBELEBAN ET SEYDOUGOU, COMMUNES ET SOUS- PREFECTURES",23,7903,4577,0.5791,92,4485,75,0.0167,INDEPENDANT,TRAORE ABDOULAYE,7,0.0016,False
UOGUODABAK,122,"GBELEBAN ET SEYDOUGOU, COMMUNES ET SOUS- PREFECTURES",23,7903,4577,0.5791,92,4485,75,0.0167,PDCI-RDA,DIAKITE BOUAKARY SIDIKI,112,0.025,False
UOGUODABAK,123,"ODIENNE , COMMUNE",87,32124,32116,0.9998,9,32107,0,0.0,RHDP,UNE COTE DIVOIRE EN PAIX PROSPERE ET SOLIDAIRE,32107,1.0,True
UOGUODABAK,124,"KIMBIRILA-SUD, TIEME, SAMATIGUILA, ET SAMANGO, COMMUNES ET SOUS-PREFECTURES, ODIENNE, SOUS PREFECTURE",87,26474,17165,0.6484000000000001,244,16921,152,0.009000000000000001,INDEPENDANT,SYLLA MARIAME,2160,0.1277,False
UOGUODABAK,124,"KIMBIRILA-SUD, TIEME, SAMATIGUILA, ET SAMANGO, COMMUNES ET SOUS-PREFECTURES, ODIENNE, SOUS PREFECTURE",87,26474,17165,0.6484000000000001,244,16921,152,0.009000000000000001,INDEPENDANT,KONE BEN IDRISS,89,0.0053,False
UOGUODABAK,124,"KIMBIRILA-SUD, TIEME, SAMATIGUILA, ET SAMANGO, COMMUNES ET SOUS-PREFECTURES, ODIENNE, SOUS PREFECTURE",87,26474,17165,0.6484000000000001,244,16921,152,0.009000000000000001,INDEPENDANT,DOUMBIA ALPHA,388,0.0229,False
UOGUODABAK,124,"KIMBIRILA-SUD, TIEME, SAMATIGUILA, ET SAMANGO, COMMUNES ET SOUS-PREFECTURES, ODIENNE, SOUS PREFECTURE",87,26474,17165,0.6484000000000001,244,16921,152,0.009000000000000001,RHDP,DIABY LANCINE,11278,0.6665000000000001,True
UOGUODABAK,124,"KIMBIRILA-SUD, TIEME, SAMATIGUILA, ET SAMANGO, COMMUNES ET SOUS-PREFECTURES, ODIENNE, SOUS PREFECTURE",87,26474,17165,0.6484000000000001,244,16921,152,0.009000000000000001,INDEPENDANT,KEITA ADAMA,2685,0.15869999999999998,False
UOGUODABAK,124,"KIMBIRILA-SUD, TIEME, SAMATIGUILA, ET SAMANGO, COMMUNES ET SOUS-PREFECTURES, ODIENNE, SOUS PREFECTURE",87,26474,17165,0.6484000000000001,244,16921,152,0.009000000000000001,PDCI-RDA,VASSIRIKI DOUMBIA,169,0.01,False
EMAL,141,"ADZOPE, COMMUNE",88,34787,12179,0.35009999999999997,3423,8756,42,0.0048,INDEPENDANT,ASSY NCHO GUY SERGE,84,0.0096,False
EMAL,141,"ADZOPE, COMMUNE",88,34787,12179,0.35009999999999997,3423,8756,42,0.0048,INDEPENDANT,ATSE URBAIN,593,0.0677,False
EMAL,141,"ADZOPE, COMMUNE",88,34787,12179,0.35009999999999997,3423,8756,42,0.0048,INDEPENDANT,BLE N'GUESSAN ALAIN CARLOS,430,0.049100000000000005,False
EMAL,141,"ADZOPE, COMMUNE",88,34787,12179,0.35009999999999997,3423,8756,42,0.0048,INDEPENDANT,DIARRA CHEICK HAMMALAH,308,0.0352,False
EMAL,141,"ADZOPE, COMMUNE",88,34787,12179,0.35009999999999997,3423,8756,42,0.0048,RHDP,ACHI PATRICK JEROME,7246,0.8275,True
EMAL,141,"ADZOPE, COMMUNE",88,34787,12179,0.35009999999999997,3423,8756,42,0.0048,INDEPENDANT,EBY FOLY ANGE MARIUS,53,0.0060999999999999995,False
EMAL,142,"AGOU, BECEDI-BRIGNAN ET YAKASSE-ME, COMMUNES ET SOUS-PREFECTURES",86,32407,10322,0.3185,270,10052,70,0.006999999999999999,INDEPENDANT,ASSI KANON JEAN SYLVESTRE,1755,0.1746,False
EMAL,142,"AGOU, BECEDI-BRIGNAN ET YAKASSE-ME, COMMUNES ET SOUS-PREFECTURES",86,32407,10322,0.3185,270,10052,70,0.006999999999999999,INDEPENDANT,AMON NCHO KOUADIO PATRICK,911,0.0906,False
EMAL,142,"AGOU, BECEDI-BRIGNAN ET YAKASSE-ME, COMMUNES ET SOUS-PREFECTURES",86,32407,10322,0.3185,270,10052,70,0.006999999999999999,INDEPENDANT,ASSY YAPO GHISLAIN,492,0.0489,False
EMAL,142,"AGOU, BECEDI-BRIGNAN ET YAKASSE-ME, COMMUNES ET SOUS-PREFECTURES",86,32407,10322,0.3185,270,10052,70,0.006999999999999999,INDEPENDANT,YAPI YATTE ALPHONSE,848,0.08439999999999999,False
EMAL,142,"AGOU, BECEDI-BRIGNAN ET YAKASSE-ME, COMMUNES ET SOUS-PREFECTURES",86,32407,10322,0.3185,270,10052,70,0.006999999999999999,INDEPENDANT,ASSEUHI AKA JULIEN SERGE,508,0.050499999999999996,False
EMAL,142,"AGOU, BECEDI-BRIGNAN ET YAKASSE-ME, COMMUNES ET SOUS-PREFECTURES",86,32407,10322,0.3185,270,10052,70,0.006999999999999999,RHDP,YAPI N'CHO FLORENT,5019,0.4993,True
EMAL,142,"AGOU, BECEDI-BRIGNAN ET YAKASSE-ME, COMMUNES ET SOUS-PREFECTURES",86,32407,10322,0.3185,270,10052,70,0.006999999999999999,INDEPENDANT,YAPI ADEPO FELIX,83,0.0083,False
EMAL,142,"AGOU, BECEDI-BRIGNAN ET YAKASSE-ME, COMMUNES ET SOUS-PREFECTURES",86,32407,10322,0.3185,270,10052,70,0.006999999999999999,MGC,YAPI CLOTIDE OHOUOCHI,366,0.0364,False
EMAL,143,"ADZOPE, SOUS-PREFECTURE, ANNEPE ET ASSIKOI, COMMUNES ET SOUS-PREFECTURES",89,33376,12344,0.36979999999999996,268,12076,97,0.008,INDEPENDANT,ASSAMOI ODI ANGE MITTERAND BIENVENU,1351,0.1119,False
EMAL,143,"ADZOPE, SOUS-PREFECTURE, ANNEPE ET ASSIKOI, COMMUNES ET SOUS-PREFECTURES",89,33376,12344,0.36979999999999996,268,12076,97,0.008,RHDP,BOTCHI ASSI ABEL,8207,0.6796,True
EMAL,143,"ADZOPE, SOUS-PREFECTURE, ANNEPE ET ASSIKOI, COMMUNES ET SOUS-PREFECTURES",89,33376,12344,0.36979999999999996,268,12076,97,0.008,ADCI,KAKOU SEKA MARCEL SYLVESTRE,207,0.0171,False
EMAL,143,"ADZOPE, SOUS-PREFECTURE, ANNEPE ET ASSIKOI, COMMUNES ET SOUS-PREFECTURES",89,33376,12344,0.36979999999999996,268,12076,97,0.008,INDEPENDANT,ABENIN YAPO,1339,0.1109,False
EMAL,143,"ADZOPE, SOUS-PREFECTURE, ANNEPE ET ASSIKOI, COMMUNES ET SOUS-PREFECTURES",89,33376,12344,0.36979999999999996,268,12076,97,0.008,FPI,ASSI ROMEO,875,0.0725,False
EMAL,144,"AFFERY, COMMUNE ET SOUS-PREFECTURE",41,16380,6980,0.4261,287,6693,20,0.003,FNDR,BROU BEDA ROGER,934,0.13949999999999999,False
EMAL,144,"AFFERY, COMMUNE ET SOUS-PREFECTURE",41,16380,6980,0.4261,287,6693,20,0.003,INDEPENDANT,N'GUESSAN-BECHIE PAUL,2686,0.40130000000000005,False
EMAL,144,"AFFERY, COMMUNE ET SOUS-PREFECTURE",41,16380,6980,0.4261,287,6693,20,0.003,ADCI,YAPO BEDA ARSENE DESIRE,133,0.0199,False
EMAL,144,"AFFERY, COMMUNE ET SOUS-PREFECTURE",41,16380,6980,0.4261,287,6693,20,0.003,INDEPENDANT,YAO AKA JAURES ROLAND STEPHANE,65,0.0097,False
EMAL,144,"AFFERY, COMMUNE ET SOUS-PREFECTURE",41,16380,6980,0.4261,287,6693,20,0.003,RHDP,ASSOI ASSI APPOLINAIRE,2855,0.4266,True
EMAL,145,"AKOUPE ET BECOUEFIN, COMMUNES ET SOUS- PREFECTURES",109,41157,13552,0.3293,488,13064,86,0.0066,INDEPENDANT,YAPO VALERIE-YOLANDE,1294,0.09910000000000001,False
EMAL,145,"AKOUPE ET BECOUEFIN, COMMUNES ET SOUS- PREFECTURES",109,41157,13552,0.3293,488,13064,86,0.0066,INDEPENDANT,ANON AGUIE CLOTAIRE,483,0.037000000000000005,False
EMAL,145,"AKOUPE ET BECOUEFIN, COMMUNES ET SOUS- PREFECTURES",109,41157,13552,0.3293,488,13064,86,0.0066,INDEPENDANT,KOISSY SECKA RENE NOEL FABRICE,130,0.01,False
EMAL,145,"AKOUPE ET BECOUEFIN, COMMUNES ET SOUS- PREFECTURES",109,41157,13552,0.3293,488,13064,86,0.0066,INDEPENDANT,ASSEU ELOLO SIDONIE,3066,0.2347,False
EMAL,145,"AKOUPE ET BECOUEFIN, COMMUNES ET SOUS- PREFECTURES",109,41157,13552,0.3293,488,13064,86,0.0066,INDEPENDANT,KIMOU ACHY JOEL FABRICE,207,0.0158,False
EMAL,145,"AKOUPE ET BECOUEFIN, COMMUNES ET SOUS- PREFECTURES",109,41157,13552,0.3293,488,13064,86,0.0066,FPI,YAPO ATSE HERMANN NDAH,499,0.0382,False
EMAL,145,"AKOUPE ET BECOUEFIN, COMMUNES ET SOUS- PREFECTURES",109,41157,13552,0.3293,488,13064,86,0.0066,RHDP,ASSI JEAN-LUC,6859,0.525,True
EMAL,145,"AKOUPE ET BECOUEFIN, COMMUNES ET SOUS- PREFECTURES",109,41157,13552,0.3293,488,13064,86,0.0066,INDEPENDANT,KIMOU KOFFI FLORENT,440,0.0337,False
EMAL,146,"ABOISSO-COMOE, ALEPE, ALLOSSO, DANGUIRA ET OGHLWAPO, COMMUNES ET SOUS-PREFECTURES",156,54427,13996,0.2572,349,13647,97,0.0070999999999999995,INDEPENDANT,OSSIN YAPI SIMPLICE,3494,0.256,False
EMAL,146,"ABOISSO-COMOE, ALEPE, ALLOSSO, DANGUIRA ET OGHLWAPO, COMMUNES ET SOUS-PREFECTURES",156,54427,13996,0.2572,349,13647,97,0.0070999999999999995,ADCI,AGUIE ABOA LAURENTINE,169,0.0124,False
EMAL,146,"ABOISSO-COMOE, ALEPE, ALLOSSO, DANGUIRA ET OGHLWAPO, COMMUNES ET SOUS-PREFECTURES",156,54427,13996,0.2572,349,13647,97,0.0070999999999999995,RHDP,NCHO NCHO CHRISTOPHE,6034,0.4421,True
EMAL,146,"ABOISSO-COMOE, ALEPE, ALLOSSO, DANGUIRA ET OGHLWAPO, COMMUNES ET SOUS-PREFECTURES",156,54427,13996,0.2572,349,13647,97,0.0070999999999999995,INDEPENDANT,ABOA HERMANN,1531,0.11220000000000001,False
EMAL,146,"ABOISSO-COMOE, ALEPE, ALLOSSO, DANGUIRA ET OGHLWAPO, COMMUNES ET SOUS-PREFECTURES",156,54427,13996,0.2572,349,13647,97,0.0070999999999999995,INDEPENDANT,YAPO MARTIAL AUGUSTE,889,0.06509999999999999,False
EMAL,146,"ABOISSO-COMOE, ALEPE, ALLOSSO, DANGUIRA ET OGHLWAPO, COMMUNES ET SOUS-PREFECTURES",156,54427,13996,0.2572,349,13647,97,0.0070999999999999995,PDCI-RDA,DIALLO IBRAHIMA SORY,1433,0.105,False
EMAL,147,"ABONGOUA, BIEBY ET YAKASSE-ATTOBROU, COMMUNES ET SOUS-PREFECTURES",69,27218,10647,0.3912,622,10025,78,0.0078000000000000005,INDEPENDANT,AMON EDY JEAN-ERIC,2863,0.28559999999999997,False
EMAL,147,"ABONGOUA, BIEBY ET YAKASSE-ATTOBROU, COMMUNES ET SOUS-PREFECTURES",69,27218,10647,0.3912,622,10025,78,0.0078000000000000005,UFD,ACAFOU BEKOIN,289,0.0288,False
EMAL,147,"ABONGOUA, BIEBY ET YAKASSE-ATTOBROU, COMMUNES ET SOUS-PREFECTURES",69,27218,10647,0.3912,622,10025,78,0.0078000000000000005,INDEPENDANT,ASSI NDIN THEODORE,2833,0.2826,False
EMAL,147,"ABONGOUA, BIEBY ET YAKASSE-ATTOBROU, COMMUNES ET SOUS-PREFECTURES",69,27218,10647,0.3912,622,10025,78,0.0078000000000000005,RHDP,ADEPO YAPO FRANCOIS,3962,0.39520000000000005,True
AUOBIJD-HOL,125,"CHIEPO, DIDOKO, NEBO ET OGOUDOU, COMMUNES ET SOUS-PREFECTURES, DIVO, SOUS-PREFECTURE",176,47838,14471,0.3025,544,13927,174,0.0125,ADCI,ADCI,1113,0.0799,False
AUOBIJD-HOL,125,"CHIEPO, DIDOKO, NEBO ET OGOUDOU, COMMUNES ET SOUS-PREFECTURES, DIVO, SOUS-PREFECTURE",176,47838,14471,0.3025,544,13927,174,0.0125,RHDP,"UNE CÔTE DIVOIRE EN PAIX, PROSPÈRE ET SOLIDAIRE",10432,0.7490000000000001,True
AUOBIJD-HOL,125,"CHIEPO, DIDOKO, NEBO ET OGOUDOU, COMMUNES ET SOUS-PREFECTURES, DIVO, SOUS-PREFECTURE",176,47838,14471,0.3025,544,13927,174,0.0125,PDCI-RDA,TOUS ENSEMBLE POUR LA CÔTE D'IVOIRE,2208,0.1585,False
AUOBIJD-HOL,126,"DIVO, COMMUNE",201,80222,28025,0.3493,528,27497,141,0.0051,INDEPENDANT,DIAKITE ALAHASSANE,17141,0.6234000000000001,True
AUOBIJD-HOL,126,"DIVO, COMMUNE",201,80222,28025,0.3493,528,27497,141,0.0051,RHDP,FAMOUSSA COULIBALY,8675,0.3155,False
AUOBIJD-HOL,126,"DIVO, COMMUNE",201,80222,28025,0.3493,528,27497,141,0.0051,INDEPENDANT,BAMBA FATOU,71,0.0026,False
AUOBIJD-HOL,126,"DIVO, COMMUNE",201,80222,28025,0.3493,528,27497,141,0.0051,INDEPENDANT,GNIGOU AYEREHONON GENEVIEVE MIMYELLE,129,0.004699999999999999,False
AUOBIJD-HOL,126,"DIVO, COMMUNE",201,80222,28025,0.3493,528,27497,141,0.0051,INDEPENDANT,DJEGBI PRINCE HUSTER FRANCIS,41,0.0015,False
AUOBIJD-HOL,126,"DIVO, COMMUNE",201,80222,28025,0.3493,528,27497,141,0.0051,INDEPENDANT,KONE MOUSSA,46,0.0017000000000000001,False
AUOBIJD-HOL,126,"DIVO, COMMUNE",201,80222,28025,0.3493,528,27497,141,0.0051,PDCI-RDA,AKOUN STEPHANE JOEL ANDREA,1253,0.045599999999999995,False
AUOBIJD-HOL,127,"HIRE ET ZEGO, COMMUNES ET SOUS-PREFECTURES",80,28375,7714,0.27190000000000003,249,7465,88,0.0118,INDEPENDANT,KONATE LAMINE,183,0.0245,False
AUOBIJD-HOL,127,"HIRE ET ZEGO, COMMUNES ET SOUS-PREFECTURES",80,28375,7714,0.27190000000000003,249,7465,88,0.0118,RHDP,DJA-BLE JOSEPH,3899,0.5223,True
AUOBIJD-HOL,127,"HIRE ET ZEGO, COMMUNES ET SOUS-PREFECTURES",80,28375,7714,0.27190000000000003,249,7465,88,0.0118,INDEPENDANT,OUREGA AGNEZA KOUASSI LANDRY,726,0.0973,False
AUOBIJD-HOL,127,"HIRE ET ZEGO, COMMUNES ET SOUS-PREFECTURES",80,28375,7714,0.27190000000000003,249,7465,88,0.0118,INDEPENDANT,AMANE KOUASSI VINCENT,165,0.022099999999999998,False
AUOBIJD-HOL,127,"HIRE ET ZEGO, COMMUNES ET SOUS-PREFECTURES",80,28375,7714,0.27190000000000003,249,7465,88,0.0118,INDEPENDANT,KONAN KOUAME ABEL,97,0.013000000000000001,False
AUOBIJD-HOL,127,"HIRE ET ZEGO, COMMUNES ET SOUS-PREFECTURES",80,28375,7714,0.27190000000000003,249,7465,88,0.0118,EDS,DAGO KOUASSI AUGUSTE,16,0.0021,False
AUOBIJD-HOL,127,"HIRE ET ZEGO, COMMUNES ET SOUS-PREFECTURES",80,28375,7714,0.27190000000000003,249,7465,88,0.0118,INDEPENDANT,N'DA YAO ALEXANDRE,285,0.0382,False
AUOBIJD-HOL,127,"HIRE ET ZEGO, COMMUNES ET SOUS-PREFECTURES",80,28375,7714,0.27190000000000003,249,7465,88,0.0118,INDEPENDANT,KOUASSI EPSE ABOURLAY TITRE MARIE-MADELEINE,109,0.0146,False
AUOBIJD-HOL,127,"HIRE ET ZEGO, COMMUNES ET SOUS-PREFECTURES",80,28375,7714,0.27190000000000003,249,7465,88,0.0118,PDCI-RDA,N'GUESSAN YAO SERGE,1897,0.2541,False
AUOBIJD-HOL,128,"DAIRO-DIDIZO ET GUITRY, COMMUNES ET SOUS- PREFECTURES",118,30986,13544,0.4371,276,13268,160,0.0121,MLPCI,TRAORE NAMORY,30,0.0023,False
AUOBIJD-HOL,128,"DAIRO-DIDIZO ET GUITRY, COMMUNES ET SOUS- PREFECTURES",118,30986,13544,0.4371,276,13268,160,0.0121,INDEPENDANT,KRAGBE BEHIBRO PHILIPPE MICHAEL,4959,0.3738,False
AUOBIJD-HOL,128,"DAIRO-DIDIZO ET GUITRY, COMMUNES ET SOUS- PREFECTURES",118,30986,13544,0.4371,276,13268,160,0.0121,RHDP,KOKO PATRICIA SYLVIE EPSE YAO,7622,0.5745,True
AUOBIJD-HOL,128,"DAIRO-DIDIZO ET GUITRY, COMMUNES ET SOUS- PREFECTURES",118,30986,13544,0.4371,276,13268,160,0.0121,PDCI-RDA,KOUAME KOUASSI INNOCENT,497,0.0375,False
AUOBIJD-HOL,129,"LAUZOUA ET YOCOBOUE, COMMUNES ET SOUS- PREFECTURES",50,12142,5036,0.41479999999999995,139,4897,91,0.018600000000000002,RHDP,GNEBA NADINE MELANIE,4260,0.8698999999999999,True
AUOBIJD-HOL,129,"LAUZOUA ET YOCOBOUE, COMMUNES ET SOUS- PREFECTURES",50,12142,5036,0.41479999999999995,139,4897,91,0.018600000000000002,MGC,LAGO DOUGROU DOMINIQUE,546,0.1115,False
AUOBIJD-HOL,130,"DJIDJI, GAGORE ET ZIKISSO, COMMUNES ET SOUS- PREFECTURES",45,13640,4476,0.3282,156,4320,58,0.0134,INDEPENDANT,YAO ASSABLI YAO,24,0.005600000000000001,False
AUOBIJD-HOL,130,"DJIDJI, GAGORE ET ZIKISSO, COMMUNES ET SOUS- PREFECTURES",45,13640,4476,0.3282,156,4320,58,0.0134,INDEPENDANT,BREUDJI HERMANN LANDRY,1155,0.26739999999999997,False
AUOBIJD-HOL,130,"DJIDJI, GAGORE ET ZIKISSO, COMMUNES ET SOUS- PREFECTURES",45,13640,4476,0.3282,156,4320,58,0.0134,RHDP,ABADI MIEZAN CHARLES,2758,0.6384000000000001,True
AUOBIJD-HOL,130,"DJIDJI, GAGORE ET ZIKISSO, COMMUNES ET SOUS- PREFECTURES",45,13640,4476,0.3282,156,4320,58,0.0134,INDEPENDANT,GNATTO BAHIE SEBASTIEN,14,0.0032,False
AUOBIJD-HOL,130,"DJIDJI, GAGORE ET ZIKISSO, COMMUNES ET SOUS- PREFECTURES",45,13640,4476,0.3282,156,4320,58,0.0134,PDCI-RDA,GAYE GNAFFOU DOGOLIE JEAN,311,0.07200000000000001,False
AUOBIJD-HOL,131,"GOUDOUKO ET NIAMBEZARIA, COMMUNES ET SOUS- PREFECTURES",68,18404,6693,0.36369999999999997,242,6451,74,0.0115,INDEPENDANT,DAGO WAKOUBO SAMUEL,1042,0.16149999999999998,False
AUOBIJD-HOL,131,"GOUDOUKO ET NIAMBEZARIA, COMMUNES ET SOUS- PREFECTURES",68,18404,6693,0.36369999999999997,242,6451,74,0.0115,INDEPENDANT,DOUKOURE AMANDA,15,0.0023,False
AUOBIJD-HOL,131,"GOUDOUKO ET NIAMBEZARIA, COMMUNES ET SOUS- PREFECTURES",68,18404,6693,0.36369999999999997,242,6451,74,0.0115,RHDP,MERHY SAMY,4166,0.6457999999999999,True
AUOBIJD-HOL,131,"GOUDOUKO ET NIAMBEZARIA, COMMUNES ET SOUS- PREFECTURES",68,18404,6693,0.36369999999999997,242,6451,74,0.0115,EDS,AHIPEAUD AHIPEAUD JEAN-ANDRE,267,0.0414,False
AUOBIJD-HOL,131,"GOUDOUKO ET NIAMBEZARIA, COMMUNES ET SOUS- PREFECTURES",68,18404,6693,0.36369999999999997,242,6451,74,0.0115,INDEPENDANT,DAGO KOUASSI JUSTIN AIME,298,0.0462,False
AUOBIJD-HOL,131,"GOUDOUKO ET NIAMBEZARIA, COMMUNES ET SOUS- PREFECTURES",68,18404,6693,0.36369999999999997,242,6451,74,0.0115,PDCI-RDA,GUEBO DOUKOURE MARCEL,589,0.0913,False
AUOBIJD-HOL,132,"LAKOTA, COMMUNE ET SOUS-PREFECTURE",118,38754,8724,0.22510000000000002,250,8474,70,0.0083,INDEPENDANT,KAMBOU SANSAN SYLVAIN,100,0.0118,False
AUOBIJD-HOL,132,"LAKOTA, COMMUNE ET SOUS-PREFECTURE",118,38754,8724,0.22510000000000002,250,8474,70,0.0083,INDEPENDANT,KONE CHEVA ADAM MOHAMED,153,0.0181,False
AUOBIJD-HOL,132,"LAKOTA, COMMUNE ET SOUS-PREFECTURE",118,38754,8724,0.22510000000000002,250,8474,70,0.0083,INDEPENDANT,LAGO LAVRI SOLANGE EPSE KONE,891,0.1051,False
AUOBIJD-HOL,132,"LAKOTA, COMMUNE ET SOUS-PREFECTURE",118,38754,8724,0.22510000000000002,250,8474,70,0.0083,RHDP,KOUYATE ABDOULAYE,4455,0.5257000000000001,True
AUOBIJD-HOL,132,"LAKOTA, COMMUNE ET SOUS-PREFECTURE",118,38754,8724,0.22510000000000002,250,8474,70,0.0083,INDEPENDANT,DALLI ARTHUR PRINCE-RICHARD,1762,0.2079,False
AUOBIJD-HOL,132,"LAKOTA, COMMUNE ET SOUS-PREFECTURE",118,38754,8724,0.22510000000000002,250,8474,70,0.0083,INDEPENDANT,GODI DADIE JUSTIN,289,0.0341,False
AUOBIJD-HOL,132,"LAKOTA, COMMUNE ET SOUS-PREFECTURE",118,38754,8724,0.22510000000000002,250,8474,70,0.0083,PDCI-RDA,MAGOU MANDY CARMEN,754,0.08900000000000001,False
EUOHARAM,133,"BEGBESSOU, N'DOUFFOUKANKRO ET TIBEITA, COMMUNES ET SOUS-PREFECTURES, BOUAFLE, SOUS-PREFECTURE",133,36006,10954,0.3042,348,10606,187,0.0176,INDEPENDANT,HOURA KOUASSI MARC,4392,0.41409999999999997,True
EUOHARAM,133,"BEGBESSOU, N'DOUFFOUKANKRO ET TIBEITA, COMMUNES ET SOUS-PREFECTURES, BOUAFLE, SOUS-PREFECTURE",133,36006,10954,0.3042,348,10606,187,0.0176,INDEPENDANT,KOUADIO KOUADIO AURELIEN,499,0.047,False
EUOHARAM,133,"BEGBESSOU, N'DOUFFOUKANKRO ET TIBEITA, COMMUNES ET SOUS-PREFECTURES, BOUAFLE, SOUS-PREFECTURE",133,36006,10954,0.3042,348,10606,187,0.0176,RHDP,KOUASSI ALLOMO FLORE FAITAY,2522,0.2378,False
EUOHARAM,133,"BEGBESSOU, N'DOUFFOUKANKRO ET TIBEITA, COMMUNES ET SOUS-PREFECTURES, BOUAFLE, SOUS-PREFECTURE",133,36006,10954,0.3042,348,10606,187,0.0176,INDEPENDANT,GOORE BI GOLE JEAN BAPTISTE,303,0.0286,False
EUOHARAM,133,"BEGBESSOU, N'DOUFFOUKANKRO ET TIBEITA, COMMUNES ET SOUS-PREFECTURES, BOUAFLE, SOUS-PREFECTURE",133,36006,10954,0.3042,348,10606,187,0.0176,INDEPENDANT,KOFFI LOUKOU LEON,2703,0.25489999999999996,False
EUOHARAM,134,"BOUAFLE, COMMUNE",113,43844,12123,0.27649999999999997,180,11943,90,0.0075,INDEPENDANT,KAMAGATE MOUSSA EL FADHEL,131,0.011000000000000001,False
EUOHARAM,134,"BOUAFLE, COMMUNE",113,43844,12123,0.27649999999999997,180,11943,90,0.0075,INDEPENDANT,NDIA FREDERIK,556,0.0466,False
EUOHARAM,134,"BOUAFLE, COMMUNE",113,43844,12123,0.27649999999999997,180,11943,90,0.0075,INDEPENDANT,COWPPLI BONY AFFOUE ELISABETH,209,0.0175,False
EUOHARAM,134,"BOUAFLE, COMMUNE",113,43844,12123,0.27649999999999997,180,11943,90,0.0075,INDEPENDANT,TIE BI IRIE MODESTE,90,0.0075,False
EUOHARAM,134,"BOUAFLE, COMMUNE",113,43844,12123,0.27649999999999997,180,11943,90,0.0075,INDEPENDANT,DJE BI TCHAN,254,0.0213,False
EUOHARAM,134,"BOUAFLE, COMMUNE",113,43844,12123,0.27649999999999997,180,11943,90,0.0075,INDEPENDANT,BLE BI BONAVENTURE,106,0.0089,False
EUOHARAM,134,"BOUAFLE, COMMUNE",113,43844,12123,0.27649999999999997,180,11943,90,0.0075,INDEPENDANT,OUATTARA IBRAHIM,146,0.012199999999999999,False
EUOHARAM,134,"BOUAFLE, COMMUNE",113,43844,12123,0.27649999999999997,180,11943,90,0.0075,RHDP,KONE ADAMA,6712,0.562,True
EUOHARAM,134,"BOUAFLE, COMMUNE",113,43844,12123,0.27649999999999997,180,11943,90,0.0075,ADCI,TIBE BI N'GUESSAN MARCEL,190,0.0159,False
EUOHARAM,134,"BOUAFLE, COMMUNE",113,43844,12123,0.27649999999999997,180,11943,90,0.0075,INDEPENDANT,OUEDRAOGO AMIDOU,24,0.002,False
EUOHARAM,134,"BOUAFLE, COMMUNE",113,43844,12123,0.27649999999999997,180,11943,90,0.0075,PDCI-RDA,KOFFI SERGES AZI,2511,0.2102,False
EUOHARAM,134,"BOUAFLE, COMMUNE",113,43844,12123,0.27649999999999997,180,11943,90,0.0075,INDEPENDANT,KONE ISSIAKA,924,0.0774,False
EUOHARAM,134,"BOUAFLE, COMMUNE",113,43844,12123,0.27649999999999997,180,11943,90,0.0075,RHDP,YACOUBA KONE,5653,0.6543000000000001,True
EUOHARAM,135,"BONON ET ZAGUIETA, COMMUNES ET SOUS- PREFECTURES",112,,,,,,,,INDEPENDANT,ZORO BI BALLO FRANCK,216,0.025,False
EUOHARAM,135,"BONON ET ZAGUIETA, COMMUNES ET SOUS- PREFECTURES",112,,,,,,,,PDCI-RDA,TRAZIE BI GUESSAN,2570,0.2975,False
EUOHARAM,135,"BONON ET ZAGUIETA, COMMUNES ET SOUS- PREFECTURES",112,,,,,,,,MGC,KOUAME BI BLI ROBERT,92,0.0106,False
EUOHARAM,136,"BAZRE ET KONONFLA, COMMUNES ET SOUS- PREFECTURES",82,20818,6995,0.336,167,6828,59,0.0086,INDEPENDANT,KEITA ABDOULAYE,849,0.1243,False
EUOHARAM,136,"BAZRE ET KONONFLA, COMMUNES ET SOUS- PREFECTURES",82,20818,6995,0.336,167,6828,59,0.0086,CNDCI,KONAN BLE OSWALD ANATOLE N'KONIAN,477,0.0699,False
EUOHARAM,136,"BAZRE ET KONONFLA, COMMUNES ET SOUS- PREFECTURES",82,20818,6995,0.336,167,6828,59,0.0086,INDEPENDANT,KOUAKOU KOUADIO PATRICE,284,0.0416,False
EUOHARAM,136,"BAZRE ET KONONFLA, COMMUNES ET SOUS- PREFECTURES",82,20818,6995,0.336,167,6828,59,0.0086,INDEPENDANT,KOUAKOU MESMER BECANTY,1026,0.1503,False
EUOHARAM,136,"BAZRE ET KONONFLA, COMMUNES ET SOUS- PREFECTURES",82,20818,6995,0.336,167,6828,59,0.0086,INDEPENDANT,KOUADIO ATOBE JACOB ANDERSON,388,0.056799999999999996,False
EUOHARAM,136,"BAZRE ET KONONFLA, COMMUNES ET SOUS- PREFECTURES",82,20818,6995,0.336,167,6828,59,0.0086,INDEPENDANT,YAO AFFOUE MARINA,236,0.0346,False
EUOHARAM,136,"BAZRE ET KONONFLA, COMMUNES ET SOUS- PREFECTURES",82,20818,6995,0.336,167,6828,59,0.0086,INDEPENDANT,KOUASSI BI KOUASSI GUILLAUME,135,0.019799999999999998,False
EUOHARAM,136,"BAZRE ET KONONFLA, COMMUNES ET SOUS- PREFECTURES",82,20818,6995,0.336,167,6828,59,0.0086,RHDP,BEMA COULIBALY,2402,0.3518,True
EUOHARAM,136,"BAZRE ET KONONFLA, COMMUNES ET SOUS- PREFECTURES",82,20818,6995,0.336,167,6828,59,0.0086,INDEPENDANT,CAHIE KAKOU GUY JOEL,17,0.0025,False
EUOHARAM,136,"BAZRE ET KONONFLA, COMMUNES ET SOUS- PREFECTURES",82,20818,6995,0.336,167,6828,59,0.0086,INDEPENDANT,KOFFI AHOU MICHELE DEBORAH KOUADIO,64,0.009399999999999999,False
EUOHARAM,136,"BAZRE ET KONONFLA, COMMUNES ET SOUS- PREFECTURES",82,20818,6995,0.336,167,6828,59,0.0086,INDEPENDANT,OUADI NDRI LOU YALOU RACHELLE,353,0.051699999999999996,False
EUOHARAM,136,"BAZRE ET KONONFLA, COMMUNES ET SOUS- PREFECTURES",82,20818,6995,0.336,167,6828,59,0.0086,INDEPENDANT,TOUVOLI BI KOUADIO MARTIAL,54,0.0079,False
EUOHARAM,136,"BAZRE ET KONONFLA, COMMUNES ET SOUS- PREFECTURES",82,20818,6995,0.336,167,6828,59,0.0086,PDCI-RDA,GAULLY SAHOUA ANTOINE SYLVAIN PEPIN,484,0.0709,False
EUOHARAM,137,"KOUETINFLA ET SINFRA, COMMUNES ET SOUS- PREFECTURES",147,48502,14650,0.302,350,14300,106,0.0074,INDEPENDANT,MA BI MONOUIN STEPHANE DE-DEN,1023,0.07150000000000001,False
EUOHARAM,137,"KOUETINFLA ET SINFRA, COMMUNES ET SOUS- PREFECTURES",147,48502,14650,0.302,350,14300,106,0.0074,RHDP,SATI LOU GOLENAN MADELEINE EPSE TOUVOLI,7447,0.5207999999999999,True
EUOHARAM,137,"KOUETINFLA ET SINFRA, COMMUNES ET SOUS- PREFECTURES",147,48502,14650,0.302,350,14300,106,0.0074,INDEPENDANT,SEYBOU DIARRA,154,0.0108,False
EUOHARAM,137,"KOUETINFLA ET SINFRA, COMMUNES ET SOUS- PREFECTURES",147,48502,14650,0.302,350,14300,106,0.0074,INDEPENDANT,KOFFI YAO APPOLINAIRE,173,0.0121,False
EUOHARAM,137,"KOUETINFLA ET SINFRA, COMMUNES ET SOUS- PREFECTURES",147,48502,14650,0.302,350,14300,106,0.0074,INDEPENDANT,BOTTY BI NEDRO SERGE,2913,0.20370000000000002,False
EUOHARAM,137,"KOUETINFLA ET SINFRA, COMMUNES ET SOUS- PREFECTURES",147,48502,14650,0.302,350,14300,106,0.0074,INDEPENDANT,KONE NGOLO LASSINA KONE,123,0.0086,False
EUOHARAM,137,"KOUETINFLA ET SINFRA, COMMUNES ET SOUS- PREFECTURES",147,48502,14650,0.302,350,14300,106,0.0074,INDEPENDANT,YEO SOULEYMANE OUATTARA,313,0.0219,False
EUOHARAM,137,"KOUETINFLA ET SINFRA, COMMUNES ET SOUS- PREFECTURES",147,48502,14650,0.302,350,14300,106,0.0074,INDEPENDANT,KOUYATE SANAKRO,741,0.0518,False
EUOHARAM,137,"KOUETINFLA ET SINFRA, COMMUNES ET SOUS- PREFECTURES",147,48502,14650,0.302,350,14300,106,0.0074,GP-PAIX,SERY BI BOLY EMMANUEL,95,0.0066,False
EUOHARAM,137,"KOUETINFLA ET SINFRA, COMMUNES ET SOUS- PREFECTURES",147,48502,14650,0.302,350,14300,106,0.0074,CODE,BOTTY KOMON ALEXIS,97,0.0068000000000000005,False
EUOHARAM,137,"KOUETINFLA ET SINFRA, COMMUNES ET SOUS- PREFECTURES",147,48502,14650,0.302,350,14300,106,0.0074,PDCI-RDA,TCHEL-BI LAHORE GHISLAIN,910,0.0636,False
EUOHARAM,137,"KOUETINFLA ET SINFRA, COMMUNES ET SOUS- PREFECTURES",147,48502,14650,0.302,350,14300,106,0.0074,INDEPENDANT,GOORE BI GNAMIEN WILLY TAUNIN,205,0.0143,False
EUOHARAM,138,"GOHITAFLA, IRIEFLA, MAMINIGUI, COMMUNES ET SOUS- PREFECTURES",69,22447,6845,0.3049,119,6726,94,0.013999999999999999,UDP,GBAMENIN BI TRA,1209,0.17980000000000002,False
EUOHARAM,138,"GOHITAFLA, IRIEFLA, MAMINIGUI, COMMUNES ET SOUS- PREFECTURES",69,22447,6845,0.3049,119,6726,94,0.013999999999999999,INDEPENDANT,DJE BI GOHAI AUDRIC-LANDRY,1055,0.15689999999999998,False
EUOHARAM,138,"GOHITAFLA, IRIEFLA, MAMINIGUI, COMMUNES ET SOUS- PREFECTURES",69,22447,6845,0.3049,119,6726,94,0.013999999999999999,INDEPENDANT,DJE EPSE TIE BI LOU TRA,214,0.0318,False
EUOHARAM,138,"GOHITAFLA, IRIEFLA, MAMINIGUI, COMMUNES ET SOUS- PREFECTURES",69,22447,6845,0.3049,119,6726,94,0.013999999999999999,RHDP,ZAMBLE NAYA NAOMI JARVIS,3037,0.4515,True
EUOHARAM,138,"GOHITAFLA, IRIEFLA, MAMINIGUI, COMMUNES ET SOUS- PREFECTURES",69,22447,6845,0.3049,119,6726,94,0.013999999999999999,INDEPENDANT,YOUAN BI TRAZIE BERTRAND ATHANASE,761,0.1131,False
EUOHARAM,138,"GOHITAFLA, IRIEFLA, MAMINIGUI, COMMUNES ET SOUS- PREFECTURES",69,22447,6845,0.3049,119,6726,94,0.013999999999999999,ADCI,IRIE BI ZOU FULBERT,13,0.0019,False
EUOHARAM,138,"GOHITAFLA, IRIEFLA, MAMINIGUI, COMMUNES ET SOUS- PREFECTURES",69,22447,6845,0.3049,119,6726,94,0.013999999999999999,PDCI-RDA,DJE BI SAMEDI BERNARD ZEHOUA,138,0.020499999999999997,False
EUOHARAM,138,"GOHITAFLA, IRIEFLA, MAMINIGUI, COMMUNES ET SOUS- PREFECTURES",69,22447,6845,0.3049,119,6726,94,0.013999999999999999,MGC,IRIE BI IRIE AMBROISE,67,0.01,False
EUOHARAM,138,"GOHITAFLA, IRIEFLA, MAMINIGUI, COMMUNES ET SOUS- PREFECTURES",69,22447,6845,0.3049,119,6726,94,0.013999999999999999,INDEPENDANT,DIDI BI TRA SYLVAIN,138,0.020499999999999997,False
EUOHARAM,139,"KANZRA, VOUEBOUFLA, ZANZRA, COMMUNES ET SOUS- PREFECTURES, ZUENOULA, SOUS-PREFECTURE",88,23114,7950,0.3439,251,7699,162,0.021,INDEPENDANT,SEHI BI KOUE ALPHONSE,2210,0.2871,True
EUOHARAM,139,"KANZRA, VOUEBOUFLA, ZANZRA, COMMUNES ET SOUS- PREFECTURES, ZUENOULA, SOUS-PREFECTURE",88,23114,7950,0.3439,251,7699,162,0.021,RHDP,DJO BI MIZAN HONORE DES AMIS,1720,0.2234,False
EUOHARAM,139,"KANZRA, VOUEBOUFLA, ZANZRA, COMMUNES ET SOUS- PREFECTURES, ZUENOULA, SOUS-PREFECTURE",88,23114,7950,0.3439,251,7699,162,0.021,INDEPENDANT,ZA BI ZAN MARCEL PAGNOL,322,0.0418,False
EUOHARAM,139,"KANZRA, VOUEBOUFLA, ZANZRA, COMMUNES ET SOUS- PREFECTURES, ZUENOULA, SOUS-PREFECTURE",88,23114,7950,0.3439,251,7699,162,0.021,INDEPENDANT,VAMI BI NENE JOSEPH,1841,0.2391,False
EUOHARAM,139,"KANZRA, VOUEBOUFLA, ZANZRA, COMMUNES ET SOUS- PREFECTURES, ZUENOULA, SOUS-PREFECTURE",88,23114,7950,0.3439,251,7699,162,0.021,INDEPENDANT,YOUAN BI TRA JEAN-CLAUDE,878,0.114,False
EUOHARAM,139,"KANZRA, VOUEBOUFLA, ZANZRA, COMMUNES ET SOUS- PREFECTURES, ZUENOULA, SOUS-PREFECTURE",88,23114,7950,0.3439,251,7699,162,0.021,ADCI,ZOHOU BI NENON HONORE,223,0.028999999999999998,False
EUOHARAM,139,"KANZRA, VOUEBOUFLA, ZANZRA, COMMUNES ET SOUS- PREFECTURES, ZUENOULA, SOUS-PREFECTURE",88,23114,7950,0.3439,251,7699,162,0.021,INDEPENDANT,IRIE BI ZORO SAMUEL,178,0.0231,False
EUOHARAM,139,"KANZRA, VOUEBOUFLA, ZANZRA, COMMUNES ET SOUS- PREFECTURES, ZUENOULA, SOUS-PREFECTURE",88,23114,7950,0.3439,251,7699,162,0.021,CODE,TRA BI CA PAUL,51,0.0066,False
EUOHARAM,139,"KANZRA, VOUEBOUFLA, ZANZRA, COMMUNES ET SOUS- PREFECTURES, ZUENOULA, SOUS-PREFECTURE",88,23114,7950,0.3439,251,7699,162,0.021,INDEPENDANT,SIKA BI BOLOU BERENGER,114,0.0148,False
EUOHARAM,140,"ZUENOULA, COMMUNE",48,18540,5342,0.28809999999999997,126,5216,53,0.0102,INDEPENDANT,DJE-BI-DJE OLIVIER VAMY,1462,0.2803,False
EUOHARAM,140,"ZUENOULA, COMMUNE",48,18540,5342,0.28809999999999997,126,5216,53,0.0102,INDEPENDANT,BOUE BI IRIE MARCELIN,73,0.013999999999999999,False
EUOHARAM,140,"ZUENOULA, COMMUNE",48,18540,5342,0.28809999999999997,126,5216,53,0.0102,CODE,KAHOU BI KALOU ROMEO,4,0.0008,False
EUOHARAM,140,"ZUENOULA, COMMUNE",48,18540,5342,0.28809999999999997,126,5216,53,0.0102,INDEPENDANT,TAH BI TIE EVARISTE,9,0.0017000000000000001,False
EUOHARAM,140,"ZUENOULA, COMMUNE",48,18540,5342,0.28809999999999997,126,5216,53,0.0102,RHDP,SOULEYMANE KONE,1891,0.3625,True
EUOHARAM,140,"ZUENOULA, COMMUNE",48,18540,5342,0.28809999999999997,126,5216,53,0.0102,INDEPENDANT,KARAMOKO GAHOUSSOU,284,0.054400000000000004,False
EUOHARAM,140,"ZUENOULA, COMMUNE",48,18540,5342,0.28809999999999997,126,5216,53,0.0102,INDEPENDANT,DIALLO HABIB PEGAHTIEN,766,0.1469,False
EUOHARAM,140,"ZUENOULA, COMMUNE",48,18540,5342,0.28809999999999997,126,5216,53,0.0102,INDEPENDANT,TOURE KALPI GISELLE,674,0.1292,False
UONOROM,154,"ARRAH, KOTOBI ET KREGBE, COMMUNES ET SOUS- PREFECTURES",95,34560,14012,0.4054,424,13588,122,0.009000000000000001,INDEPENDANT,BEKOIN EHORODOU JORIS BENJAMIN,244,0.018000000000000002,False
UONOROM,154,"ARRAH, KOTOBI ET KREGBE, COMMUNES ET SOUS- PREFECTURES",95,34560,14012,0.4054,424,13588,122,0.009000000000000001,RHDP,N'GUESSAN AHONDJOU,9625,0.7082999999999999,True
UONOROM,154,"ARRAH, KOTOBI ET KREGBE, COMMUNES ET SOUS- PREFECTURES",95,34560,14012,0.4054,424,13588,122,0.009000000000000001,INDEPENDANT,KOUADIO KOUAKOU JULIEN,178,0.0131,False
UONOROM,154,"ARRAH, KOTOBI ET KREGBE, COMMUNES ET SOUS- PREFECTURES",95,34560,14012,0.4054,424,13588,122,0.009000000000000001,PDCI-RDA,KWABENA KOUASSI STEPHANE,3419,0.2516,False
UONOROM,157,"BONGOUANOU, COMMUNE",68,24670,7232,0.29309999999999997,246,6986,54,0.0077,INDEPENDANT,AKA BONI MARC,1152,0.1649,False
UONOROM,157,"BONGOUANOU, COMMUNE",68,24670,7232,0.29309999999999997,246,6986,54,0.0077,INDEPENDANT,HAMIAN OI HAMIAN ETIENNE,76,0.0109,False
UONOROM,157,"BONGOUANOU, COMMUNE",68,24670,7232,0.29309999999999997,246,6986,54,0.0077,INDEPENDANT,KOUAME NGUADAH GEORGES,177,0.0253,False
UONOROM,157,"BONGOUANOU, COMMUNE",68,24670,7232,0.29309999999999997,246,6986,54,0.0077,RHDP,ASSOUGBA JACOB AMOIN,2933,0.41979999999999995,True
UONOROM,157,"BONGOUANOU, COMMUNE",68,24670,7232,0.29309999999999997,246,6986,54,0.0077,INDEPENDANT,ETTIEN AKA JEAN-CHARLES,51,0.0073,False
UONOROM,157,"BONGOUANOU, COMMUNE",68,24670,7232,0.29309999999999997,246,6986,54,0.0077,INDEPENDANT,AKESSE TEHIA EMILIENNE,72,0.0103,False
UONOROM,157,"BONGOUANOU, COMMUNE",68,24670,7232,0.29309999999999997,246,6986,54,0.0077,ADCI,EHUI ASSOUO BENOIT,30,0.0043,False
UONOROM,157,"BONGOUANOU, COMMUNE",68,24670,7232,0.29309999999999997,246,6986,54,0.0077,INDEPENDANT,GOLI TINAN ESTELLE AURELIE,624,0.08929999999999999,False
UONOROM,157,"BONGOUANOU, COMMUNE",68,24670,7232,0.29309999999999997,246,6986,54,0.0077,FPI,KASSI PASCAL TANO,965,0.1381,False
UONOROM,157,"BONGOUANOU, COMMUNE",68,24670,7232,0.29309999999999997,246,6986,54,0.0077,PDCI-RDA,KABLAN ANZIAN ANDRE,852,0.122,False
UONOROM,158,"ANDE, ASSIE-KOUMASSI ET N'GUESSANKRO, COMMUNES ET SOUS-PREFECTURES ET BONGOUANOU SOUS- PREFECTURE",92,34019,10414,0.3061,439,9975,110,0.011000000000000001,INDEPENDANT,KOUAME MESMIN KOMOE,2214,0.222,False
UONOROM,158,"ANDE, ASSIE-KOUMASSI ET N'GUESSANKRO, COMMUNES ET SOUS-PREFECTURES ET BONGOUANOU SOUS- PREFECTURE",92,34019,10414,0.3061,439,9975,110,0.011000000000000001,INDEPENDANT,EHOUSSOU MELISSA SOMA FLORA,472,0.0473,False
UONOROM,158,"ANDE, ASSIE-KOUMASSI ET N'GUESSANKRO, COMMUNES ET SOUS-PREFECTURES ET BONGOUANOU SOUS- PREFECTURE",92,34019,10414,0.3061,439,9975,110,0.011000000000000001,INDEPENDANT,ETILE ABOH FREDERIC,63,0.0063,False
UONOROM,158,"ANDE, ASSIE-KOUMASSI ET N'GUESSANKRO, COMMUNES ET SOUS-PREFECTURES ET BONGOUANOU SOUS- PREFECTURE",92,34019,10414,0.3061,439,9975,110,0.011000000000000001,INDEPENDANT,TEHOUA KISSI THEOPHILE,100,0.01,False
UONOROM,158,"ANDE, ASSIE-KOUMASSI ET N'GUESSANKRO, COMMUNES ET SOUS-PREFECTURES ET BONGOUANOU SOUS- PREFECTURE",92,34019,10414,0.3061,439,9975,110,0.011000000000000001,RHDP,FETE ANE BENJAMIN,2218,0.2224,False
UONOROM,158,"ANDE, ASSIE-KOUMASSI ET N'GUESSANKRO, COMMUNES ET SOUS-PREFECTURES ET BONGOUANOU SOUS- PREFECTURE",92,34019,10414,0.3061,439,9975,110,0.011000000000000001,INDEPENDANT,AMOA EBY ANICET,824,0.08259999999999999,False
UONOROM,158,"ANDE, ASSIE-KOUMASSI ET N'GUESSANKRO, COMMUNES ET SOUS-PREFECTURES ET BONGOUANOU SOUS- PREFECTURE",92,34019,10414,0.3061,439,9975,110,0.011000000000000001,INDEPENDANT,KOUA CHARLES-PHILIPPS KINIMO,327,0.032799999999999996,False
UONOROM,158,"ANDE, ASSIE-KOUMASSI ET N'GUESSANKRO, COMMUNES ET SOUS-PREFECTURES ET BONGOUANOU SOUS- PREFECTURE",92,34019,10414,0.3061,439,9975,110,0.011000000000000001,ADCI,BOSSON BROU KOWOUSSA EVARISTE,249,0.025,False
UONOROM,158,"ANDE, ASSIE-KOUMASSI ET N'GUESSANKRO, COMMUNES ET SOUS-PREFECTURES ET BONGOUANOU SOUS- PREFECTURE",92,34019,10414,0.3061,439,9975,110,0.011000000000000001,FPI,DIBY KOKORA BOADY BERNARD,3093,0.31010000000000004,True
UONOROM,158,"ANDE, ASSIE-KOUMASSI ET N'GUESSANKRO, COMMUNES ET SOUS-PREFECTURES ET BONGOUANOU SOUS- PREFECTURE",92,34019,10414,0.3061,439,9975,110,0.011000000000000001,INDEPENDANT,AHONON ROMEO RAOUL ANE,60,0.006,False
UONOROM,158,"ANDE, ASSIE-KOUMASSI ET N'GUESSANKRO, COMMUNES ET SOUS-PREFECTURES ET BONGOUANOU SOUS- PREFECTURE",92,34019,10414,0.3061,439,9975,110,0.011000000000000001,INDEPENDANT,KASSI KOUAME JEAN-BAPTISTE,245,0.0246,False
UONOROM,161,"ANOUMABA ET TIEMELEKRO, COMMUNES ET SOUS- PREFECTURES",65,19083,8372,0.4387,317,8055,80,0.009899999999999999,RHDP,KOUAKOU DAPA YAO KOSSONOU MARCELLIN,2862,0.3553,False
UONOROM,161,"ANOUMABA ET TIEMELEKRO, COMMUNES ET SOUS- PREFECTURES",65,19083,8372,0.4387,317,8055,80,0.009899999999999999,ADCI,AKA NZI SEVERIN,121,0.015,False
UONOROM,161,"ANOUMABA ET TIEMELEKRO, COMMUNES ET SOUS- PREFECTURES",65,19083,8372,0.4387,317,8055,80,0.009899999999999999,FPI,KOUAME KONGO GREGOIRE,1265,0.157,False
UONOROM,161,"ANOUMABA ET TIEMELEKRO, COMMUNES ET SOUS- PREFECTURES",65,19083,8372,0.4387,317,8055,80,0.009899999999999999,INDEPENDANT,NIAMIAN N'GUESSAN RAOUL THIBAUT,732,0.0909,False
UONOROM,161,"ANOUMABA ET TIEMELEKRO, COMMUNES ET SOUS- PREFECTURES",65,19083,8372,0.4387,317,8055,80,0.009899999999999999,PDCI-RDA,AKA DESQUITH AMBROISE,2995,0.3718,True
UONOROM,162,"ASSAHARA ET M'BATTO, COMMUNES ET SOUS- PREFECTURES",83,27427,9770,0.35619999999999996,446,9324,59,0.0063,INDEPENDANT,KANGA KACOU ANTOINE,3346,0.3589,True
UONOROM,162,"ASSAHARA ET M'BATTO, COMMUNES ET SOUS- PREFECTURES",83,27427,9770,0.35619999999999996,446,9324,59,0.0063,UDCY,KOUADIO DOUCA MARCELLIN,67,0.0072,False
UONOROM,162,"ASSAHARA ET M'BATTO, COMMUNES ET SOUS- PREFECTURES",83,27427,9770,0.35619999999999996,446,9324,59,0.0063,RHDP,NIAMIAN KOKOLO JEAN-PIERRE,2604,0.2793,False
UONOROM,162,"ASSAHARA ET M'BATTO, COMMUNES ET SOUS- PREFECTURES",83,27427,9770,0.35619999999999996,446,9324,59,0.0063,INDEPENDANT,COULIBALY ABIBA EPSE COULIBALY,56,0.006,False
UONOROM,162,"ASSAHARA ET M'BATTO, COMMUNES ET SOUS- PREFECTURES",83,27427,9770,0.35619999999999996,446,9324,59,0.0063,INDEPENDANT,MOREAU KABLAN BILE CHARLES ARMEL,223,0.0239,False
UONOROM,162,"ASSAHARA ET M'BATTO, COMMUNES ET SOUS- PREFECTURES",83,27427,9770,0.35619999999999996,446,9324,59,0.0063,ADCI,KOUAME DJA ESSAN FRANCOIS,361,0.0387,False
UONOROM,162,"ASSAHARA ET M'BATTO, COMMUNES ET SOUS- PREFECTURES",83,27427,9770,0.35619999999999996,446,9324,59,0.0063,INDEPENDANT,KOUAME TIEMELE,72,0.0077,False
UONOROM,162,"ASSAHARA ET M'BATTO, COMMUNES ET SOUS- PREFECTURES",83,27427,9770,0.35619999999999996,446,9324,59,0.0063,PDCI-RDA,AKA AMANAN VERONIQUE,2536,0.272,False
AWAN,148,"DABOUYO ET GUEYO, COMMUNES ET SOUS- PREFECTURES",73,19218,5564,0.2895,202,5362,50,0.009300000000000001,INDEPENDANT,KOFFI DJAH DANIEL,105,0.0196,False
AWAN,148,"DABOUYO ET GUEYO, COMMUNES ET SOUS- PREFECTURES",73,19218,5564,0.2895,202,5362,50,0.009300000000000001,INDEPENDANT,SALIA BLE SOLANGE,117,0.0218,False
AWAN,148,"DABOUYO ET GUEYO, COMMUNES ET SOUS- PREFECTURES",73,19218,5564,0.2895,202,5362,50,0.009300000000000001,INDEPENDANT,BONI TANO N'GUESSAN NOELLE MARIE EPOUSE EKPONON,1337,0.2493,False
AWAN,148,"DABOUYO ET GUEYO, COMMUNES ET SOUS- PREFECTURES",73,19218,5564,0.2895,202,5362,50,0.009300000000000001,GP-PAIX,KANGAH AMANI SERGE,174,0.0325,False
AWAN,148,"DABOUYO ET GUEYO, COMMUNES ET SOUS- PREFECTURES",73,19218,5564,0.2895,202,5362,50,0.009300000000000001,RHDP,ZEKRE ZADI CHRIST-YVAN,1597,0.2978,True
AWAN,148,"DABOUYO ET GUEYO, COMMUNES ET SOUS- PREFECTURES",73,19218,5564,0.2895,202,5362,50,0.009300000000000001,INDEPENDANT,DOGUI MARIE-NOELLE,1256,0.23420000000000002,False
AWAN,148,"DABOUYO ET GUEYO, COMMUNES ET SOUS- PREFECTURES",73,19218,5564,0.2895,202,5362,50,0.009300000000000001,ADCI,KOUADIO KONAN CALVIN,57,0.0106,False
AWAN,148,"DABOUYO ET GUEYO, COMMUNES ET SOUS- PREFECTURES",73,19218,5564,0.2895,202,5362,50,0.009300000000000001,PDCI-RDA,BLE SAILLY FELIX,669,0.12480000000000001,False
AWAN,149,"BUYO ET DAPEOUA, COMMUNES ET SOUS-PREFECTURES",115,27640,6852,0.24789999999999998,323,6529,99,0.0152,RHDP,"UNE COTE DIVOIRE EN PAIX, PROSPERE ET SOLIDAIRE",2911,0.4459,False
AWAN,149,"BUYO ET DAPEOUA, COMMUNES ET SOUS-PREFECTURES",115,27640,6852,0.24789999999999998,323,6529,99,0.0152,PDCI-RDA,TOUS ENSEMBLE POUR LA CÔTE D'IVOIRE,3448,0.5281,True
AWAN,149,"BUYO ET DAPEOUA, COMMUNES ET SOUS-PREFECTURES",115,27640,6852,0.24789999999999998,323,6529,99,0.0152,INDEPENDANT,"POUR LE DEVELOPPEMENT DE BUYO, JE VOTE UTILE",71,0.0109,False
AWAN,150,"GNAMANGUI, MEAGUI ET OUPOYO, COMMUNES ET SOUS- PREFECTURES",214,57090,12968,0.22719999999999999,671,12297,136,0.0111,INDEPENDANT,ENSEMBLE POUR MEAGUI,2286,0.1859,False
AWAN,150,"GNAMANGUI, MEAGUI ET OUPOYO, COMMUNES ET SOUS- PREFECTURES",214,57090,12968,0.22719999999999999,671,12297,136,0.0111,RHDP,"UNE CÔTE DIVOIRE EN PAIX, PROSPERE ET SOLIDAIRE",2877,0.23399999999999999,False
AWAN,150,"GNAMANGUI, MEAGUI ET OUPOYO, COMMUNES ET SOUS- PREFECTURES",214,57090,12968,0.22719999999999999,671,12297,136,0.0111,PDCI-RDA,TOUS ENSEMBLE POUR LA CÔTE D'IVOIRE,6881,0.5596,True
AWAN,150,"GNAMANGUI, MEAGUI ET OUPOYO, COMMUNES ET SOUS- PREFECTURES",214,57090,12968,0.22719999999999999,671,12297,136,0.0111,INDEPENDANT,CITOYEN ENGAGE POUR LE PEUPLE,117,0.0095,False
AWAN,151,"GRAND-ZATIRY, COMMUNES ET SOUS-PREFECTURE",70,19273,6190,0.3212,244,5946,49,0.008199999999999999,INDEPENDANT,SAYERE MARTIAL OUPOH,1006,0.16920000000000002,False
AWAN,151,"GRAND-ZATIRY, COMMUNES ET SOUS-PREFECTURE",70,19273,6190,0.3212,244,5946,49,0.008199999999999999,INDEPENDANT,SAHIFO ALIGBA ARNAUD,432,0.0727,False
AWAN,151,"GRAND-ZATIRY, COMMUNES ET SOUS-PREFECTURE",70,19273,6190,0.3212,244,5946,49,0.008199999999999999,INDEPENDANT,DJEDJE MADOU JOEL,199,0.0335,False
AWAN,151,"GRAND-ZATIRY, COMMUNES ET SOUS-PREFECTURE",70,19273,6190,0.3212,244,5946,49,0.008199999999999999,RHDP,ZAKO OUPO ESAIE,1559,0.2622,False
AWAN,151,"GRAND-ZATIRY, COMMUNES ET SOUS-PREFECTURE",70,19273,6190,0.3212,244,5946,49,0.008199999999999999,INDEPENDANT,DOBO RENAUD MARCEL ANDREA,171,0.0288,False
AWAN,151,"GRAND-ZATIRY, COMMUNES ET SOUS-PREFECTURE",70,19273,6190,0.3212,244,5946,49,0.008199999999999999,INDEPENDANT,SERI HORTENSE EMMA,619,0.1041,False
AWAN,151,"GRAND-ZATIRY, COMMUNES ET SOUS-PREFECTURE",70,19273,6190,0.3212,244,5946,49,0.008199999999999999,PDCI-RDA,GOBO YOKORE BERNARD,1886,0.3172,True
AWAN,151,"GRAND-ZATIRY, COMMUNES ET SOUS-PREFECTURE",70,19273,6190,0.3212,244,5946,49,0.008199999999999999,INDEPENDANT,SERY KOBOU FABRICE,25,0.0042,False
AWAN,152,"LILIYO ET OKROUYO, COMMUNES ET SOUS-PREFECTURES",145,34787,9285,0.2669,409,8876,117,0.0132,INDEPENDANT,KOUADIO GBOGBO ERIC,430,0.0484,False
AWAN,152,"LILIYO ET OKROUYO, COMMUNES ET SOUS-PREFECTURES",145,34787,9285,0.2669,409,8876,117,0.0132,RHDP,KONE DOSSOGUI,3130,0.35259999999999997,True
AWAN,152,"LILIYO ET OKROUYO, COMMUNES ET SOUS-PREFECTURES",145,34787,9285,0.2669,409,8876,117,0.0132,INDEPENDANT,BONI N'GUESSAN PLACIDE -STEPHANE,165,0.018600000000000002,False
AWAN,152,"LILIYO ET OKROUYO, COMMUNES ET SOUS-PREFECTURES",145,34787,9285,0.2669,409,8876,117,0.0132,INDEPENDANT,GBAHI DJOUA LUC,1211,0.1364,False
AWAN,152,"LILIYO ET OKROUYO, COMMUNES ET SOUS-PREFECTURES",145,34787,9285,0.2669,409,8876,117,0.0132,INDEPENDANT,ADOU LANDRY JEAN-FRANCOIS,182,0.020499999999999997,False
AWAN,152,"LILIYO ET OKROUYO, COMMUNES ET SOUS-PREFECTURES",145,34787,9285,0.2669,409,8876,117,0.0132,PDCI-RDA,KOUADIA BEDI NOEL-OLIVIER,2457,0.2768,False
AWAN,152,"LILIYO ET OKROUYO, COMMUNES ET SOUS-PREFECTURES",145,34787,9285,0.2669,409,8876,117,0.0132,INDEPENDANT,ZADI ZADI PATRICK ANDERSON,1184,0.1334,False
AWAN,153,"SOUBRE, COMMUNES ET SOUS-PREFECTURE",160,53618,9246,0.1724,301,8945,79,0.0088,INDEPENDANT,COULIBALY SEKOU,706,0.0789,False
AWAN,153,"SOUBRE, COMMUNES ET SOUS-PREFECTURE",160,53618,9246,0.1724,301,8945,79,0.0088,INDEPENDANT,ZIRIGNON SEKOU LIGNON,1341,0.1499,False
AWAN,153,"SOUBRE, COMMUNES ET SOUS-PREFECTURE",160,53618,9246,0.1724,301,8945,79,0.0088,INDEPENDANT,KOFFI KOUADIO OBED,87,0.0097,False
AWAN,153,"SOUBRE, COMMUNES ET SOUS-PREFECTURE",160,53618,9246,0.1724,301,8945,79,0.0088,INDEPENDANT,KOUADIO KONAN KANH JULIEN,20,0.0022,False
AWAN,153,"SOUBRE, COMMUNES ET SOUS-PREFECTURE",160,53618,9246,0.1724,301,8945,79,0.0088,RHDP,SANGARE MOUSSA,4103,0.4587,True
AWAN,153,"SOUBRE, COMMUNES ET SOUS-PREFECTURE",160,53618,9246,0.1724,301,8945,79,0.0088,INDEPENDANT,KONE MAMADOU,85,0.0095,False
AWAN,153,"SOUBRE, COMMUNES ET SOUS-PREFECTURE",160,53618,9246,0.1724,301,8945,79,0.0088,PDCI-RDA,DABA DAGNOGO,2524,0.2822,False
IZ 'N,155,"BENGASSOU, BOCANDA, KOUADIOBLEKRO ET N'ZECREZESSOU, COMMUNES ET SOUS-PREFECTURES",157,44988,18242,0.40549999999999997,791,17451,252,0.0144,INDEPENDANT,BOCANDA CEST CHEZ NOUS,2548,0.146,False
IZ 'N,155,"BENGASSOU, BOCANDA, KOUADIOBLEKRO ET N'ZECREZESSOU, COMMUNES ET SOUS-PREFECTURES",157,44988,18242,0.40549999999999997,791,17451,252,0.0144,INDEPENDANT,GENERATION UNIE ET SOLIDAIRE,752,0.0431,False
IZ 'N,155,"BENGASSOU, BOCANDA, KOUADIOBLEKRO ET N'ZECREZESSOU, COMMUNES ET SOUS-PREFECTURES",157,44988,18242,0.40549999999999997,791,17451,252,0.0144,CNDCI,COHESION-JUSTICE-DEVELOPPEMENT,404,0.0232,False
IZ 'N,155,"BENGASSOU, BOCANDA, KOUADIOBLEKRO ET N'ZECREZESSOU, COMMUNES ET SOUS-PREFECTURES",157,44988,18242,0.40549999999999997,791,17451,252,0.0144,RHDP,"UNE CÔTE DIVOIRE EN PAIX, PROSPÈRE ET SOLIDAIRE",5608,0.3214,False
IZ 'N,155,"BENGASSOU, BOCANDA, KOUADIOBLEKRO ET N'ZECREZESSOU, COMMUNES ET SOUS-PREFECTURES",157,44988,18242,0.40549999999999997,791,17451,252,0.0144,PDCI-RDA,TOUS ENSEMBLE POUR LA CÔTE D'IVOIRE,7887,0.452,True
IZ 'N,156,"KOUASSI-KOUASSIKRO, COMMUNES ET SOUS- PREFECTURE",46,13333,5319,0.39890000000000003,227,5092,70,0.0137,INDEPENDANT,KOUAKOU KOUADIO JOSEPH,1128,0.22149999999999997,False
IZ 'N,156,"KOUASSI-KOUASSIKRO, COMMUNES ET SOUS- PREFECTURE",46,13333,5319,0.39890000000000003,227,5092,70,0.0137,INDEPENDANT,KOFFI AMANI FERDINAND,256,0.050300000000000004,False
IZ 'N,156,"KOUASSI-KOUASSIKRO, COMMUNES ET SOUS- PREFECTURE",46,13333,5319,0.39890000000000003,227,5092,70,0.0137,RHDP,KOUASSI KOUAKOU NARCISSE,2116,0.4156,True
IZ 'N,156,"KOUASSI-KOUASSIKRO, COMMUNES ET SOUS- PREFECTURE",46,13333,5319,0.39890000000000003,227,5092,70,0.0137,INDEPENDANT,KANGAH KONAN DENIS,35,0.0069,False
IZ 'N,156,"KOUASSI-KOUASSIKRO, COMMUNES ET SOUS- PREFECTURE",46,13333,5319,0.39890000000000003,227,5092,70,0.0137,INDEPENDANT,YAPO BERTHE TATIANA,227,0.0446,False
IZ 'N,156,"KOUASSI-KOUASSIKRO, COMMUNES ET SOUS- PREFECTURE",46,13333,5319,0.39890000000000003,227,5092,70,0.0137,PDCI-RDA,YAO KOFFI JEAN PAUL,1260,0.24739999999999998,False
IZ 'N,159,"ABIGUI, DIANGOKRO ET NOFOU, COMMUNES ET SOUS- PREFECTURES",50,13202,5902,0.4471,216,5686,53,0.009300000000000001,INDEPENDANT,N'GUESSAN JOLIANE CLAIRE EPOUSE KOUAKOU,117,0.0206,False
IZ 'N,159,"ABIGUI, DIANGOKRO ET NOFOU, COMMUNES ET SOUS- PREFECTURES",50,13202,5902,0.4471,216,5686,53,0.009300000000000001,RHDP,KOFFI EUGENE,1838,0.3233,False
IZ 'N,159,"ABIGUI, DIANGOKRO ET NOFOU, COMMUNES ET SOUS- PREFECTURES",50,13202,5902,0.4471,216,5686,53,0.009300000000000001,INDEPENDANT,ALLOU CHRISTOPHE N'GORAN,1304,0.2293,False
IZ 'N,159,"ABIGUI, DIANGOKRO ET NOFOU, COMMUNES ET SOUS- PREFECTURES",50,13202,5902,0.4471,216,5686,53,0.009300000000000001,PIA/CODE,KOUADIO KOUASSI MARIUS,35,0.0062,False
IZ 'N,159,"ABIGUI, DIANGOKRO ET NOFOU, COMMUNES ET SOUS- PREFECTURES",50,13202,5902,0.4471,216,5686,53,0.009300000000000001,INDEPENDANT,KOUAME KOUADIO GERARD,161,0.028300000000000002,False
IZ 'N,159,"ABIGUI, DIANGOKRO ET NOFOU, COMMUNES ET SOUS- PREFECTURES",50,13202,5902,0.4471,216,5686,53,0.009300000000000001,PDCI-RDA,LANGUI KOUADIO MARC,2178,0.38299999999999995,True
IZ 'N,160,"DIMBOKRO, COMMUNE ET SOUS-PREFECTURE",99,36237,10564,0.2915,401,10163,64,0.0063,INDEPENDANT,NZI YANN-GABRIEL DIBY,405,0.039900000000000005,False
IZ 'N,160,"DIMBOKRO, COMMUNE ET SOUS-PREFECTURE",99,36237,10564,0.2915,401,10163,64,0.0063,INDEPENDANT,DJAHA JEAN PARNELL,157,0.0154,False
IZ 'N,160,"DIMBOKRO, COMMUNE ET SOUS-PREFECTURE",99,36237,10564,0.2915,401,10163,64,0.0063,INDEPENDANT,AKA AKESSE KOUADIO VINCENT,231,0.0227,False
IZ 'N,160,"DIMBOKRO, COMMUNE ET SOUS-PREFECTURE",99,36237,10564,0.2915,401,10163,64,0.0063,RHDP,COULIBALY ADAMA,6793,0.6684,True
IZ 'N,160,"DIMBOKRO, COMMUNE ET SOUS-PREFECTURE",99,36237,10564,0.2915,401,10163,64,0.0063,PDCI-RDA,KONAN KOUAKOU RENE,2513,0.2473,False
OROP,163,"BORON, DIKODOUGOU ET GUIEMBE, COMMUNES ET SOUS- PREFECTURES",103,28727,13999,0.48729999999999996,246,13753,363,0.0264,RHDP,COULIBALY ISSA,6287,0.4571,True
OROP,163,"BORON, DIKODOUGOU ET GUIEMBE, COMMUNES ET SOUS- PREFECTURES",103,28727,13999,0.48729999999999996,246,13753,363,0.0264,INDEPENDANT,BAKAYOKO DAOUDA TENEMANGAN,3849,0.2799,False
OROP,163,"BORON, DIKODOUGOU ET GUIEMBE, COMMUNES ET SOUS- PREFECTURES",103,28727,13999,0.48729999999999996,246,13753,363,0.0264,INDEPENDANT,SORO KADOGNON CHARLES,243,0.0177,False
OROP,163,"BORON, DIKODOUGOU ET GUIEMBE, COMMUNES ET SOUS- PREFECTURES",103,28727,13999,0.48729999999999996,246,13753,363,0.0264,INDEPENDANT,AMINATA OUATTARA,3011,0.2189,False
OROP,164,"BOUGOU, KATOGO ET M'BENGUE, COMMUNES ET SOUS- PREFECTURES",102,32495,20095,0.6184000000000001,218,19877,640,0.0322,INDEPENDANT,SORO NGOLOGNINHE MAMADOU,7806,0.39270000000000005,False
OROP,164,"BOUGOU, KATOGO ET M'BENGUE, COMMUNES ET SOUS- PREFECTURES",102,32495,20095,0.6184000000000001,218,19877,640,0.0322,RHDP,COULIBALY ALI KADER,11349,0.5710000000000001,True
OROP,164,"BOUGOU, KATOGO ET M'BENGUE, COMMUNES ET SOUS- PREFECTURES",102,32495,20095,0.6184000000000001,218,19877,640,0.0322,INDEPENDANT,DIABATE HAMIDOU,82,0.0040999999999999995,False
OROP,165,"KATIALI ET NIOFOIN, COMMUNES ET SOUS-PREFECTURES",61,16977,11753,0.6923,267,11486,225,0.0196,RHDP,SORO FOBEH,4605,0.40090000000000003,False
OROP,165,"KATIALI ET NIOFOIN, COMMUNES ET SOUS-PREFECTURES",61,16977,11753,0.6923,267,11486,225,0.0196,INDEPENDANT,SORO ZANA,6656,0.5795,True
OROP,166,"DASSOUNGBOHO ET TIORONIARADOUGOU, COMMUNES ET SOUS-PREFECTURES",44,14548,7943,0.546,153,7790,179,0.023,INDEPENDANT,YEO YALLAMISSA,497,0.0638,False
OROP,166,"DASSOUNGBOHO ET TIORONIARADOUGOU, COMMUNES ET SOUS-PREFECTURES",44,14548,7943,0.546,153,7790,179,0.023,INDEPENDANT,COULIBALY DIEUDONNE NANGA,3022,0.38789999999999997,False
OROP,166,"DASSOUNGBOHO ET TIORONIARADOUGOU, COMMUNES ET SOUS-PREFECTURES",44,14548,7943,0.546,153,7790,179,0.023,RHDP,BAMBA KASSOUM,4092,0.5253,True
OROP,167,"KARAKORO ET KOMBORODOUGOU, COMMUNES ET SOUS- PREFECTURES",76,19557,11288,0.5771999999999999,151,11137,118,0.0106,INDEPENDANT,OUATTARA ADAMA BEMITIAN,6484,0.5821999999999999,True
OROP,167,"KARAKORO ET KOMBORODOUGOU, COMMUNES ET SOUS- PREFECTURES",76,19557,11288,0.5771999999999999,151,11137,118,0.0106,RHDP,TUO SERIBA,4535,0.4072,False
OROP,168,"KANOROBA, NAFOUN ET SIRASSO, COMMUNES ET SOUS- PREFECTURES",66,21203,12611,0.5948,205,12406,337,0.027200000000000002,INDEPENDANT,SIRIKI SEKONGO PELEMON,2868,0.23120000000000002,False
OROP,168,"KANOROBA, NAFOUN ET SIRASSO, COMMUNES ET SOUS- PREFECTURES",66,21203,12611,0.5948,205,12406,337,0.027200000000000002,INDEPENDANT,SILUE NANZOUAN PATRICE,2109,0.17,False
OROP,168,"KANOROBA, NAFOUN ET SIRASSO, COMMUNES ET SOUS- PREFECTURES",66,21203,12611,0.5948,205,12406,337,0.027200000000000002,RHDP,SORO KANIGUI MAMADOU,7092,0.5717,True
OROP,169,"KIEMOU ET NAPIE, COMMUNES ET SOUS-PREFECTURES",73,21396,9378,0.43829999999999997,135,9243,168,0.0182,INDEPENDANT,SORO SETIENGOLO,1568,0.1696,False
OROP,169,"KIEMOU ET NAPIE, COMMUNES ET SOUS-PREFECTURES",73,21396,9378,0.43829999999999997,135,9243,168,0.0182,RHDP,SOULEYMANE SILUE,4544,0.4916,True
OROP,169,"KIEMOU ET NAPIE, COMMUNES ET SOUS-PREFECTURES",73,21396,9378,0.43829999999999997,135,9243,168,0.0182,INDEPENDANT,SORO PENATIRGUE,2963,0.3206,False
OROP,170,"KOMBOLOKOURA, KONI ET LATAHA, COMMUNES ET SOUS- PREFECTURES, KORHOGO SOUS-PREFECTURE",106,34511,32994,0.956,12,32982,1,0.0,RHDP,AMADOU COULIBALY,32981,1.0,True
OROP,171,"KORHOGO, VILLE",371,149223,142250,0.9533,258,141992,108,0.0008,RHDP,UNE CÔTE D'IVOIRE EN PAIX PROSPERE ET SOLIDAIRE,141884,0.9992,True
OROP,172,"KAGBOLODOUGOU, SEDIOGO ET SINEMATIALI, COMMUNES ET SOUS-PREFECTURES",93,30231,29595,0.9790000000000001,68,29527,13,0.0004,RHDP,SARASSORO GBOROTON FIDELE,29514,0.9995999999999999,True
ORDEP-NAS,173,"DOBA ET GABIADJI, COMMUNES ET SOUS-PREFECTURES, SAN PEDRO, SOUS-PREFECTURE",166,46381,11310,0.2438,498,10812,130,0.012,INDEPENDANT,JEUNESSE NOUVELLE VISION,2038,0.1885,False
ORDEP-NAS,173,"DOBA ET GABIADJI, COMMUNES ET SOUS-PREFECTURES, SAN PEDRO, SOUS-PREFECTURE",166,46381,11310,0.2438,498,10812,130,0.012,INDEPENDANT,LA VOIX DU PAYSAN POUR UN AVENIR MEILLEUR,415,0.0384,False
ORDEP-NAS,173,"DOBA ET GABIADJI, COMMUNES ET SOUS-PREFECTURES, SAN PEDRO, SOUS-PREFECTURE",166,46381,11310,0.2438,498,10812,130,0.012,RHDP,UNE COTE DIVOIRE EN PAIX PROSPERE ET SOLIDAIRE,4071,0.3765,True
ORDEP-NAS,173,"DOBA ET GABIADJI, COMMUNES ET SOUS-PREFECTURES, SAN PEDRO, SOUS-PREFECTURE",166,46381,11310,0.2438,498,10812,130,0.012,INDEPENDANT,UNIS AUTOUR DUNE VISION NOUVELLE DE DEVELOPPEMENT,295,0.0273,False
ORDEP-NAS,173,"DOBA ET GABIADJI, COMMUNES ET SOUS-PREFECTURES, SAN PEDRO, SOUS-PREFECTURE",166,46381,11310,0.2438,498,10812,130,0.012,INDEPENDANT,ENSEMBLE POUR LE DEVELOPPEMENT DE GABIADJI DOBA,545,0.0504,False
ORDEP-NAS,173,"DOBA ET GABIADJI, COMMUNES ET SOUS-PREFECTURES, SAN PEDRO, SOUS-PREFECTURE",166,46381,11310,0.2438,498,10812,130,0.012,CODE,ENSEMBLE OSONS LE CHANGEMENT,189,0.0175,False
ORDEP-NAS,173,"DOBA ET GABIADJI, COMMUNES ET SOUS-PREFECTURES, SAN PEDRO, SOUS-PREFECTURE",166,46381,11310,0.2438,498,10812,130,0.012,PDCI-RDA,TOUS ENSEMBLE POUR LA CÔTE DIVOIRE,3129,0.2894,False
ORDEP-NAS,174,"DOGBO ET GRAND-BEREBY, COMMUNES ET SOUS- PREFECTURES",102,28569,7631,0.2671,191,7440,49,0.0066,INDEPENDANT,BOGA TOILY,369,0.0496,False
ORDEP-NAS,174,"DOGBO ET GRAND-BEREBY, COMMUNES ET SOUS- PREFECTURES",102,28569,7631,0.2671,191,7440,49,0.0066,RHDP,KONAN KOUAME ARMAND,4970,0.6679999999999999,True
ORDEP-NAS,174,"DOGBO ET GRAND-BEREBY, COMMUNES ET SOUS- PREFECTURES",102,28569,7631,0.2671,191,7440,49,0.0066,INDEPENDANT,YAO KOUAME BOB,339,0.045599999999999995,False
ORDEP-NAS,174,"DOGBO ET GRAND-BEREBY, COMMUNES ET SOUS- PREFECTURES",102,28569,7631,0.2671,191,7440,49,0.0066,PDCI-RDA,GNEPO TAKOUO VINCENT CHARLES,1713,0.2302,False
ORDEP-NAS,175,"SAN PEDRO, COMMUNE",250,93355,24880,0.26649999999999996,576,24304,146,0.006,INDEPENDANT,"SAN-PEDRO, VISION NOUVELLE",870,0.0358,False
ORDEP-NAS,175,"SAN PEDRO, COMMUNE",250,93355,24880,0.26649999999999996,576,24304,146,0.006,INDEPENDANT,VISION NOUVELLE,180,0.0074,False
ORDEP-NAS,175,"SAN PEDRO, COMMUNE",250,93355,24880,0.26649999999999996,576,24304,146,0.006,INDEPENDANT,DEVELOPPEMENT-ESPOIR-PAIX,3813,0.15689999999999998,False
ORDEP-NAS,175,"SAN PEDRO, COMMUNE",250,93355,24880,0.26649999999999996,576,24304,146,0.006,RHDP,"UNE COTE DIVOIRE EN PAIX ,PROSPERE ET SOLIDAIRE",12719,0.5233,True
ORDEP-NAS,175,"SAN PEDRO, COMMUNE",250,93355,24880,0.26649999999999996,576,24304,146,0.006,INDEPENDANT,PAIX ET COHESION SOCIALE,3931,0.1617,False
ORDEP-NAS,175,"SAN PEDRO, COMMUNE",250,93355,24880,0.26649999999999996,576,24304,146,0.006,INDEPENDANT,JEUNESSE ENGAGEE NATION TRANSFORMEE,282,0.0116,False
ORDEP-NAS,175,"SAN PEDRO, COMMUNE",250,93355,24880,0.26649999999999996,576,24304,146,0.006,INDEPENDANT,ENSEMBLE SAUVONS SAN-PERO,411,0.0169,False
ORDEP-NAS,175,"SAN PEDRO, COMMUNE",250,93355,24880,0.26649999999999996,576,24304,146,0.006,CODE,"ENSEMBLE, OSONS LE CHANGEMENT",166,0.0068000000000000005,False
ORDEP-NAS,175,"SAN PEDRO, COMMUNE",250,93355,24880,0.26649999999999996,576,24304,146,0.006,PDCI-RDA,TOUS ENSEMBLE POUR LA CÔTE D'IVOIRE,1786,0.0735,False
ORDEP-NAS,176,"DAPO-IBOKE, DJAMANDIOKE, OLODIO ET TABOU, COMMUNES ET SOUS-PREFECTURES",99,25383,8058,0.3175,280,7778,81,0.0104,RHDP,KLAIBE TCHIBIO JULIEN,3173,0.4079,False
ORDEP-NAS,176,"DAPO-IBOKE, DJAMANDIOKE, OLODIO ET TABOU, COMMUNES ET SOUS-PREFECTURES",99,25383,8058,0.3175,280,7778,81,0.0104,INDEPENDANT,SABOA KOFFI EDMOND,535,0.0688,False
ORDEP-NAS,176,"DAPO-IBOKE, DJAMANDIOKE, OLODIO ET TABOU, COMMUNES ET SOUS-PREFECTURES",99,25383,8058,0.3175,280,7778,81,0.0104,INDEPENDANT,BAROU AFFALA ANDREA SISSIE,69,0.0089,False
ORDEP-NAS,176,"DAPO-IBOKE, DJAMANDIOKE, OLODIO ET TABOU, COMMUNES ET SOUS-PREFECTURES",99,25383,8058,0.3175,280,7778,81,0.0104,INDEPENDANT,GNEPA HOTOH DANIEL SEVERIN,147,0.0189,False
ORDEP-NAS,176,"DAPO-IBOKE, DJAMANDIOKE, OLODIO ET TABOU, COMMUNES ET SOUS-PREFECTURES",99,25383,8058,0.3175,280,7778,81,0.0104,FPI,HINE DADIE MARIUS,93,0.012,False
ORDEP-NAS,176,"DAPO-IBOKE, DJAMANDIOKE, OLODIO ET TABOU, COMMUNES ET SOUS-PREFECTURES",99,25383,8058,0.3175,280,7778,81,0.0104,PDCI-RDA,GNEPA IROKO JOSEPH,3680,0.4731,True
ORDEP-NAS,177,"DJOUROUTOU ET GRABO, COMMUNES ET SOUS- PREFECTURES",66,18068,4503,0.2492,138,4365,56,0.0128,INDEPENDANT,GNEPA DOUBOYOU ALASSANE,367,0.08410000000000001,False
ORDEP-NAS,177,"DJOUROUTOU ET GRABO, COMMUNES ET SOUS- PREFECTURES",66,18068,4503,0.2492,138,4365,56,0.0128,RHDP,COULIBALY YAYA,2473,0.5666,True
ORDEP-NAS,177,"DJOUROUTOU ET GRABO, COMMUNES ET SOUS- PREFECTURES",66,18068,4503,0.2492,138,4365,56,0.0128,INDEPENDANT,OUELLE IRIKA FRANCIS,727,0.1666,False
ORDEP-NAS,177,"DJOUROUTOU ET GRABO, COMMUNES ET SOUS- PREFECTURES",66,18068,4503,0.2492,138,4365,56,0.0128,PDCI-RDA,EBINI WHILLIAMS TANOH,742,0.17,False
EOMOC-DUS,178,"ABOISSO, COMMUNE",102,42232,11168,0.2644,246,10922,49,0.0045000000000000005,INDEPENDANT,MAGLOIRE KOUAO ANOMAN,125,0.011399999999999999,False
EOMOC-DUS,178,"ABOISSO, COMMUNE",102,42232,11168,0.2644,246,10922,49,0.0045000000000000005,INDEPENDANT,AKA EDJOLOHI ETIENNE,368,0.0337,False
EOMOC-DUS,178,"ABOISSO, COMMUNE",102,42232,11168,0.2644,246,10922,49,0.0045000000000000005,RHDP,CISSE ABOUBAKARI,4554,0.41700000000000004,False
EOMOC-DUS,178,"ABOISSO, COMMUNE",102,42232,11168,0.2644,246,10922,49,0.0045000000000000005,INDEPENDANT,BANGA LOUIS PHILIPPE ARTHUR,788,0.0721,False
EOMOC-DUS,178,"ABOISSO, COMMUNE",102,42232,11168,0.2644,246,10922,49,0.0045000000000000005,PDCI-RDA,N'GOUAN JEREMIE ALFRED,5038,0.46130000000000004,True
EOMOC-DUS,179,"ABOISSO, SOUS-PREFECTURE, ADAOU, ADJOUAN, KOUAKRO ET MAFERE, COMMUNES ET SOUS- PREFECTURES",141,46549,17283,0.3713,317,16966,99,0.0058,RHDP,AKA AOUELE,11268,0.6642,True
EOMOC-DUS,179,"ABOISSO, SOUS-PREFECTURE, ADAOU, ADJOUAN, KOUAKRO ET MAFERE, COMMUNES ET SOUS- PREFECTURES",141,46549,17283,0.3713,317,16966,99,0.0058,INDEPENDANT,ELIDJE ANGORA,4799,0.2829,False
EOMOC-DUS,179,"ABOISSO, SOUS-PREFECTURE, ADAOU, ADJOUAN, KOUAKRO ET MAFERE, COMMUNES ET SOUS- PREFECTURES",141,46549,17283,0.3713,317,16966,99,0.0058,INDEPENDANT,MIEZAN AKATCHI ROGER,164,0.0097,False
EOMOC-DUS,179,"ABOISSO, SOUS-PREFECTURE, ADAOU, ADJOUAN, KOUAKRO ET MAFERE, COMMUNES ET SOUS- PREFECTURES",141,46549,17283,0.3713,317,16966,99,0.0058,PDCI-RDA,NZALASSE OUANDA FRANCIS,636,0.0375,False
EOMOC-DUS,180,"AYAME, BIANOUAN ET YAOU, COMMUNES ET SOUS- PREFECTURES",62,20423,8734,0.4277,500,8234,51,0.0062,INDEPENDANT,N'GUESSAN AKA BLEDOU FIDELE,177,0.0215,False
EOMOC-DUS,180,"AYAME, BIANOUAN ET YAOU, COMMUNES ET SOUS- PREFECTURES",62,20423,8734,0.4277,500,8234,51,0.0062,INDEPENDANT,ELLOGNE EBA KOUTOUA SEVERIN CHRISTIAN,1895,0.23010000000000003,False
EOMOC-DUS,180,"AYAME, BIANOUAN ET YAOU, COMMUNES ET SOUS- PREFECTURES",62,20423,8734,0.4277,500,8234,51,0.0062,RHDP,KAKOU BROU,3651,0.4434,True
EOMOC-DUS,180,"AYAME, BIANOUAN ET YAOU, COMMUNES ET SOUS- PREFECTURES",62,20423,8734,0.4277,500,8234,51,0.0062,PDCI-RDA,AMIAN MEHAD DOMINIQUE,2460,0.2988,False
EOMOC-DUS,181,"ADIAKE, ASSINIE-MAFIA ET ETUEBOUE, COMMUNES ET SOUS-PREFECTURES",94,32509,14212,0.4372,327,13885,46,0.0033,RHDP,SIE HIEN,8047,0.5795,True
EOMOC-DUS,181,"ADIAKE, ASSINIE-MAFIA ET ETUEBOUE, COMMUNES ET SOUS-PREFECTURES",94,32509,14212,0.4372,327,13885,46,0.0033,INDEPENDANT,ADJE AIME,5195,0.3741,False
EOMOC-DUS,181,"ADIAKE, ASSINIE-MAFIA ET ETUEBOUE, COMMUNES ET SOUS-PREFECTURES",94,32509,14212,0.4372,327,13885,46,0.0033,INDEPENDANT,BAKILIS MASODA DONNALD,32,0.0023,False
EOMOC-DUS,181,"ADIAKE, ASSINIE-MAFIA ET ETUEBOUE, COMMUNES ET SOUS-PREFECTURES",94,32509,14212,0.4372,327,13885,46,0.0033,PDCI-RDA,KASSI EDGARD ELOH,432,0.0311,False
EOMOC-DUS,181,"ADIAKE, ASSINIE-MAFIA ET ETUEBOUE, COMMUNES ET SOUS-PREFECTURES",94,32509,14212,0.4372,327,13885,46,0.0033,MGC,KAKOU FOBA ANTOINE,133,0.0096,False
EOMOC-DUS,181,"ADIAKE, ASSINIE-MAFIA ET ETUEBOUE, COMMUNES ET SOUS-PREFECTURES",94,32509,14212,0.4372,327,13885,46,0.0033,INDEPENDANT,KOUAME KOUASSI JEAN MICHEL,746,0.06,False
EOMOC-DUS,181,"ADIAKE, ASSINIE-MAFIA ET ETUEBOUE, COMMUNES ET SOUS-PREFECTURES",94,32509,14212,0.4372,327,13885,46,0.0033,INDEPENDANT,YAMOUSSOUN MOSSOUN CLEMENT,1033,0.083,False
EOMOC-DUS,182,"BONGO ET BONOUA, COMMUNES ET SOUS-PREFECTURES",152,56912,12764,0.2243,325,12439,50,0.004,INDEPENDANT,MIESSAN DANIEL,1599,0.1285,False
EOMOC-DUS,182,"BONGO ET BONOUA, COMMUNES ET SOUS-PREFECTURES",152,56912,12764,0.2243,325,12439,50,0.004,RHDP,TRAORE ABDOUL AZIZ,2018,0.16219999999999998,False
EOMOC-DUS,182,"BONGO ET BONOUA, COMMUNES ET SOUS-PREFECTURES",152,56912,12764,0.2243,325,12439,50,0.004,ADCI,BOKA ANOUMAN ANGE MICHEL,171,0.0137,False
EOMOC-DUS,182,"BONGO ET BONOUA, COMMUNES ET SOUS-PREFECTURES",152,56912,12764,0.2243,325,12439,50,0.004,EDS,ECRA ELIDJE JOSEPH,709,0.057,False
EOMOC-DUS,182,"BONGO ET BONOUA, COMMUNES ET SOUS-PREFECTURES",152,56912,12764,0.2243,325,12439,50,0.004,INDEPENDANT,AYEMOU ABLI PATRICE,220,0.0177,False
EOMOC-DUS,182,"BONGO ET BONOUA, COMMUNES ET SOUS-PREFECTURES",152,56912,12764,0.2243,325,12439,50,0.004,PDCI-RDA,KOUA MAMAN CECILE EPOUSE ADJE,5893,0.4738,True
EOMOC-DUS,183,"GRAND-BASSAM, COMMUNE ET SOUS-PREFECTURE",155,62844,9830,0.1564,113,9717,93,0.0096,INDEPENDANT,DA GUY RICHARD,594,0.0611,False
EOMOC-DUS,183,"GRAND-BASSAM, COMMUNE ET SOUS-PREFECTURE",155,62844,9830,0.1564,113,9717,93,0.0096,INDEPENDANT,SYLLA IBRAHIM,239,0.0246,False
EOMOC-DUS,183,"GRAND-BASSAM, COMMUNE ET SOUS-PREFECTURE",155,62844,9830,0.1564,113,9717,93,0.0096,INDEPENDANT,BONI KOFFI MICHEL,164,0.0169,False
EOMOC-DUS,183,"GRAND-BASSAM, COMMUNE ET SOUS-PREFECTURE",155,62844,9830,0.1564,113,9717,93,0.0096,RHDP,COULIBALY SERIBA,5036,0.5183,True
EOMOC-DUS,183,"GRAND-BASSAM, COMMUNE ET SOUS-PREFECTURE",155,62844,9830,0.1564,113,9717,93,0.0096,INDEPENDANT,YAO RENE KOUAKOU,98,0.0101,False
EOMOC-DUS,183,"GRAND-BASSAM, COMMUNE ET SOUS-PREFECTURE",155,62844,9830,0.1564,113,9717,93,0.0096,INDEPENDANT,LOUA NYELEKE FELIX,774,0.0797,False
EOMOC-DUS,183,"GRAND-BASSAM, COMMUNE ET SOUS-PREFECTURE",155,62844,9830,0.1564,113,9717,93,0.0096,PDCI-RDA - EDS,OUEGNIN GEORGES ARMAND ALEXIS,2719,0.2798,False
EOMOC-DUS,184,"NOE, NOUAMOU ET TIAPOUM, COMMUNES ET SOUS- PREFECTURES",62,17411,8000,0.4595,261,7739,42,0.0054,RHDP,BAKARY KAMARA,2933,0.379,False
EOMOC-DUS,184,"NOE, NOUAMOU ET TIAPOUM, COMMUNES ET SOUS- PREFECTURES",62,17411,8000,0.4595,261,7739,42,0.0054,INDEPENDANT,SANGARE ISSA,3360,0.43420000000000003,True
EOMOC-DUS,184,"NOE, NOUAMOU ET TIAPOUM, COMMUNES ET SOUS- PREFECTURES",62,17411,8000,0.4595,261,7739,42,0.0054,INDEPENDANT,ANDI ADOUALOU ROLAND,740,0.0956,False
EOMOC-DUS,184,"NOE, NOUAMOU ET TIAPOUM, COMMUNES ET SOUS- PREFECTURES",62,17411,8000,0.4595,261,7739,42,0.0054,INDEPENDANT,KONATE SEYDOU,522,0.0675,False
EOMOC-DUS,184,"NOE, NOUAMOU ET TIAPOUM, COMMUNES ET SOUS- PREFECTURES",62,17411,8000,0.4595,261,7739,42,0.0054,INDEPENDANT,DONGO ABDOUL FATAOU,103,0.013300000000000001,False
EOMOC-DUS,184,"NOE, NOUAMOU ET TIAPOUM, COMMUNES ET SOUS- PREFECTURES",62,17411,8000,0.4595,261,7739,42,0.0054,ADCI,SOBO ELIAMON N'HINZAN,39,0.005,False
OGOLOHCT,185,"BILIMONO, KONG ET SIKOLO, COMMUNES ET SOUS- PREFECTURES",103,25546,23651,0.9258,26,23625,11,0.0005,RHDP,"UNE COTE DIVOIRE EN PAIX,PROSPERE ET SOLIDAIRE",23614,0.9995,True
OGOLOHCT,186,"FERKESSEDOUGOU,COMMUNE",84,33780,12675,0.37520000000000003,239,12436,80,0.0064,INDEPENDANT,SANOGO MASSANPIENWORO SEYDOU,1781,0.1432,False
OGOLOHCT,186,"FERKESSEDOUGOU,COMMUNE",84,33780,12675,0.37520000000000003,239,12436,80,0.0064,RHDP,KONE LASSINA,10575,0.8504,True
OGOLOHCT,187,"FERKESSEDOUGOU, SOUS PREFECTURE, KOUMBALA ET TOGONIERE, COMMUNES ET SOUS-PREFECTURES",106,31066,26516,0.8534999999999999,91,26425,82,0.0031,RHDP,SILUE GNENEYERI JACQUES,26343,0.9969,True
OGOLOHCT,188,"DIAWALA, NIELLE, ET TOUMOUKRO, COMMUNES ET SOUS- PREFECTURES",131,43211,40576,0.9390000000000001,83,40493,87,0.0021,RHDP,SANOGO MAMADOU,40406,0.9979,True
OGOLOHCT,189,"KAOUARA ET OUANGOLODOUGOU, COMMUNES ET SOUS- PREFECTURES",78,27287,19350,0.7091,163,19187,141,0.0073,RHDP,TRAORE DRISSA,19046,0.9926999999999999,True
IPKNOT,190,"BIANKOUMA, BLAPLEU, KPATA ET SANTA, COMMUNES ET SOUS-PREFECTURES",113,37201,14810,0.3981,113,14697,150,0.0102,INDEPENDANT,GBOGBO KANDO,1401,0.0953,False
IPKNOT,190,"BIANKOUMA, BLAPLEU, KPATA ET SANTA, COMMUNES ET SOUS-PREFECTURES",113,37201,14810,0.3981,113,14697,150,0.0102,RHDP,GUEI SINGA MIREILLE CHANTAL,11734,0.7984,True
IPKNOT,190,"BIANKOUMA, BLAPLEU, KPATA ET SANTA, COMMUNES ET SOUS-PREFECTURES",113,37201,14810,0.3981,113,14697,150,0.0102,PDCI-RDA,SOUMAHORO DJENEBA,1412,0.09609999999999999,False
IPKNOT,191,"GBANGBEGOUINE, GBONNE ET GOUINE, COMMUNES ET SOUS-PREFECTURES",60,15101,7589,0.5025,239,7350,94,0.0128,RHDP,WOI MELA GASTON AIME,3693,0.5024000000000001,True
IPKNOT,191,"GBANGBEGOUINE, GBONNE ET GOUINE, COMMUNES ET SOUS-PREFECTURES",60,15101,7589,0.5025,239,7350,94,0.0128,INDEPENDANT,GUEI SONGUY NDONKA EVRARD,415,0.0565,False
IPKNOT,191,"GBANGBEGOUINE, GBONNE ET GOUINE, COMMUNES ET SOUS-PREFECTURES",60,15101,7589,0.5025,239,7350,94,0.0128,INDEPENDANT,DRO BAUDOUIN WILFRIED,2276,0.3097,False
IPKNOT,191,"GBANGBEGOUINE, GBONNE ET GOUINE, COMMUNES ET SOUS-PREFECTURES",60,15101,7589,0.5025,239,7350,94,0.0128,INDEPENDANT,VEHI ALPHONSE,119,0.016200000000000003,False
IPKNOT,191,"GBANGBEGOUINE, GBONNE ET GOUINE, COMMUNES ET SOUS-PREFECTURES",60,15101,7589,0.5025,239,7350,94,0.0128,FPI,GOUE JULES,467,0.0635,False
IPKNOT,191,"GBANGBEGOUINE, GBONNE ET GOUINE, COMMUNES ET SOUS-PREFECTURES",60,15101,7589,0.5025,239,7350,94,0.0128,INDEPENDANT,BLE HUYO KANO,182,0.0248,False
IPKNOT,191,"GBANGBEGOUINE, GBONNE ET GOUINE, COMMUNES ET SOUS-PREFECTURES",60,15101,7589,0.5025,239,7350,94,0.0128,INDEPENDANT,ZOH ZRANWE JEAN YVES,104,0.0141,False
IPKNOT,192,"SIPILOU ET YORODOUGOU, COMMUNES ET SOUS- PREFECTURES",47,14298,6588,0.4608,84,6504,88,0.013500000000000002,INDEPENDANT,DIOMANDE DRO JOEL,1865,0.2867,True
IPKNOT,192,"SIPILOU ET YORODOUGOU, COMMUNES ET SOUS- PREFECTURES",47,14298,6588,0.4608,84,6504,88,0.013500000000000002,INDEPENDANT,KEITA ADAMA,690,0.1061,False
IPKNOT,192,"SIPILOU ET YORODOUGOU, COMMUNES ET SOUS- PREFECTURES",47,14298,6588,0.4608,84,6504,88,0.013500000000000002,INDEPENDANT,DIOMANDE JEAN-LOUTY,1570,0.2414,False
IPKNOT,192,"SIPILOU ET YORODOUGOU, COMMUNES ET SOUS- PREFECTURES",47,14298,6588,0.4608,84,6504,88,0.013500000000000002,RHDP,TOKPA MANINGA,1667,0.2563,False
IPKNOT,192,"SIPILOU ET YORODOUGOU, COMMUNES ET SOUS- PREFECTURES",47,14298,6588,0.4608,84,6504,88,0.013500000000000002,INDEPENDANT,SOPOUDEU ONGNEU SOLANGE,118,0.0181,False
IPKNOT,192,"SIPILOU ET YORODOUGOU, COMMUNES ET SOUS- PREFECTURES",47,14298,6588,0.4608,84,6504,88,0.013500000000000002,INDEPENDANT,LOTTRO SABIAN VALLEY MINSOU,311,0.0478,False
IPKNOT,192,"SIPILOU ET YORODOUGOU, COMMUNES ET SOUS- PREFECTURES",47,14298,6588,0.4608,84,6504,88,0.013500000000000002,INDEPENDANT,YORO LOUTY REBECCA,195,0.03,False
IPKNOT,193,"DALEU, DANANE, GBON-HOUYE, KOUAN-HOULE ET SEILEU, COMMUNES ET SOUS-PREFECTURES",240,64623,18599,0.2878,715,17884,207,0.0116,INDEPENDANT,AGIR ENSEMBLE POUR LE NIMBA,6685,0.3738,True
IPKNOT,193,"DALEU, DANANE, GBON-HOUYE, KOUAN-HOULE ET SEILEU, COMMUNES ET SOUS-PREFECTURES",240,64623,18599,0.2878,715,17884,207,0.0116,INDEPENDANT,TRAVAILLONS POUR BATIR DANANE,721,0.0403,False
IPKNOT,193,"DALEU, DANANE, GBON-HOUYE, KOUAN-HOULE ET SEILEU, COMMUNES ET SOUS-PREFECTURES",240,64623,18599,0.2878,715,17884,207,0.0116,INDEPENDANT,ACTION SOLIDARITE POUR DANANE,729,0.0408,False
IPKNOT,193,"DALEU, DANANE, GBON-HOUYE, KOUAN-HOULE ET SEILEU, COMMUNES ET SOUS-PREFECTURES",240,64623,18599,0.2878,715,17884,207,0.0116,INDEPENDANT,ENSEMBLE POUR LE DEVELOPPEMENT DE DANANE,2283,0.1277,False
IPKNOT,193,"DALEU, DANANE, GBON-HOUYE, KOUAN-HOULE ET SEILEU, COMMUNES ET SOUS-PREFECTURES",240,64623,18599,0.2878,715,17884,207,0.0116,RHDP,"UNE COTE DIVOIRE EN PAIX, PROSPERE ET SOLIDAIRE",5597,0.313,False
IPKNOT,193,"DALEU, DANANE, GBON-HOUYE, KOUAN-HOULE ET SEILEU, COMMUNES ET SOUS-PREFECTURES",240,64623,18599,0.2878,715,17884,207,0.0116,INDEPENDANT,LA JEUNESSE DEBOUT POUR LE DEVELOPPEMENT,672,0.037599999999999995,False
IPKNOT,193,"DALEU, DANANE, GBON-HOUYE, KOUAN-HOULE ET SEILEU, COMMUNES ET SOUS-PREFECTURES",240,64623,18599,0.2878,715,17884,207,0.0116,INDEPENDANT,AIDONS NOS PARENTS,108,0.006,False
IPKNOT,193,"DALEU, DANANE, GBON-HOUYE, KOUAN-HOULE ET SEILEU, COMMUNES ET SOUS-PREFECTURES",240,64623,18599,0.2878,715,17884,207,0.0116,PDCI-RDA,TOUS ENSEMBLE POUR LA CÔTE D'IVOIRE,882,0.0493,False
IPKNOT,194,"MAHAPLEU ET ZONNEU, COMMUNES ET SOUS- PREFECTURES",80,22392,8583,0.3833,457,8126,108,0.013300000000000001,INDEPENDANT,TOGON OULEI PIERRE,1664,0.2048,False
IPKNOT,194,"MAHAPLEU ET ZONNEU, COMMUNES ET SOUS- PREFECTURES",80,22392,8583,0.3833,457,8126,108,0.013300000000000001,INDEPENDANT,TIA GOUET BLAISE,340,0.0418,False
IPKNOT,194,"MAHAPLEU ET ZONNEU, COMMUNES ET SOUS- PREFECTURES",80,22392,8583,0.3833,457,8126,108,0.013300000000000001,INDEPENDANT,GOUET CHARLEMAGNE,1387,0.1707,False
IPKNOT,194,"MAHAPLEU ET ZONNEU, COMMUNES ET SOUS- PREFECTURES",80,22392,8583,0.3833,457,8126,108,0.013300000000000001,INDEPENDANT,GOMUN DOH EMILE CHARLES LEA,1295,0.1594,False
IPKNOT,194,"MAHAPLEU ET ZONNEU, COMMUNES ET SOUS- PREFECTURES",80,22392,8583,0.3833,457,8126,108,0.013300000000000001,RHDP,KEGBAN KEGBAN BERNARD,3138,0.3862,True
IPKNOT,194,"MAHAPLEU ET ZONNEU, COMMUNES ET SOUS- PREFECTURES",80,22392,8583,0.3833,457,8126,108,0.013300000000000001,INDEPENDANT,TIA SEUNA ANGELINE,68,0.0084,False
IPKNOT,194,"MAHAPLEU ET ZONNEU, COMMUNES ET SOUS- PREFECTURES",80,22392,8583,0.3833,457,8126,108,0.013300000000000001,INDEPENDANT,DOUMBOUYA MOUHAMED,90,0.0111,False
IPKNOT,194,"MAHAPLEU ET ZONNEU, COMMUNES ET SOUS- PREFECTURES",80,22392,8583,0.3833,457,8126,108,0.013300000000000001,INDEPENDANT,SREU ZOTAHON CYPRIEN,36,0.0044,False
IPKNOT,195,"BOGOUINE, LOGOUALE, YAPLEU ET ZIOGOUINE, COMMUNES ET SOUS-PREFECTURES",66,20102,8315,0.41359999999999997,331,7984,78,0.0098,INDEPENDANT,SADIA KOUI SALOMON,516,0.0646,False
IPKNOT,195,"BOGOUINE, LOGOUALE, YAPLEU ET ZIOGOUINE, COMMUNES ET SOUS-PREFECTURES",66,20102,8315,0.41359999999999997,331,7984,78,0.0098,INDEPENDANT,DION NESTOR,881,0.1103,False
IPKNOT,195,"BOGOUINE, LOGOUALE, YAPLEU ET ZIOGOUINE, COMMUNES ET SOUS-PREFECTURES",66,20102,8315,0.41359999999999997,331,7984,78,0.0098,INDEPENDANT,OUEHI FEH BIAYO GISELE EPSE KOFFI,2681,0.3358,True
IPKNOT,195,"BOGOUINE, LOGOUALE, YAPLEU ET ZIOGOUINE, COMMUNES ET SOUS-PREFECTURES",66,20102,8315,0.41359999999999997,331,7984,78,0.0098,INDEPENDANT,YAKE EVARISTE,570,0.07139999999999999,False
IPKNOT,195,"BOGOUINE, LOGOUALE, YAPLEU ET ZIOGOUINE, COMMUNES ET SOUS-PREFECTURES",66,20102,8315,0.41359999999999997,331,7984,78,0.0098,INDEPENDANT,HONGNIN EVARISTE,443,0.0555,False
IPKNOT,195,"BOGOUINE, LOGOUALE, YAPLEU ET ZIOGOUINE, COMMUNES ET SOUS-PREFECTURES",66,20102,8315,0.41359999999999997,331,7984,78,0.0098,RHDP,SERY PASCAL,2339,0.293,False
IPKNOT,195,"BOGOUINE, LOGOUALE, YAPLEU ET ZIOGOUINE, COMMUNES ET SOUS-PREFECTURES",66,20102,8315,0.41359999999999997,331,7984,78,0.0098,INDEPENDANT,BLY SEMONDA GISELE,286,0.0358,False
IPKNOT,195,"BOGOUINE, LOGOUALE, YAPLEU ET ZIOGOUINE, COMMUNES ET SOUS-PREFECTURES",66,20102,8315,0.41359999999999997,331,7984,78,0.0098,INDEPENDANT,SIABA ANTOINE-CONSTANT,66,0.0083,False
IPKNOT,195,"BOGOUINE, LOGOUALE, YAPLEU ET ZIOGOUINE, COMMUNES ET SOUS-PREFECTURES",66,20102,8315,0.41359999999999997,331,7984,78,0.0098,PDCI-RDA,DAN GONSAN CHARLES VALENTINI,124,0.0155,False
IPKNOT,196,"FAGNAMPLEU, GBANGBEGOUINE-YATI, PODIAGOUINE, SANDOUGOU-SOBA, SANGOUINE ET ZAGOUE, COMMUNES ET SOUS-PREFECTURES, MAN, SOUS-PREFECTURE",132,39659,17734,0.4472,738,16996,243,0.0143,INDEPENDANT,YAKE GONDO ALFRED,5002,0.2943,False
IPKNOT,196,"FAGNAMPLEU, GBANGBEGOUINE-YATI, PODIAGOUINE, SANDOUGOU-SOBA, SANGOUINE ET ZAGOUE, COMMUNES ET SOUS-PREFECTURES, MAN, SOUS-PREFECTURE",132,39659,17734,0.4472,738,16996,243,0.0143,INDEPENDANT,BLEU SOLO MEXIMINE,457,0.0269,False
IPKNOT,196,"FAGNAMPLEU, GBANGBEGOUINE-YATI, PODIAGOUINE, SANDOUGOU-SOBA, SANGOUINE ET ZAGOUE, COMMUNES ET SOUS-PREFECTURES, MAN, SOUS-PREFECTURE",132,39659,17734,0.4472,738,16996,243,0.0143,INDEPENDANT,MAHAN DETOH TIA ARMAND,772,0.0454,False
IPKNOT,196,"FAGNAMPLEU, GBANGBEGOUINE-YATI, PODIAGOUINE, SANDOUGOU-SOBA, SANGOUINE ET ZAGOUE, COMMUNES ET SOUS-PREFECTURES, MAN, SOUS-PREFECTURE",132,39659,17734,0.4472,738,16996,243,0.0143,RHDP,DION REMI,5634,0.33149999999999996,True
IPKNOT,196,"FAGNAMPLEU, GBANGBEGOUINE-YATI, PODIAGOUINE, SANDOUGOU-SOBA, SANGOUINE ET ZAGOUE, COMMUNES ET SOUS-PREFECTURES, MAN, SOUS-PREFECTURE",132,39659,17734,0.4472,738,16996,243,0.0143,INDEPENDANT,GOGBEU MAMADOU,455,0.0268,False
IPKNOT,196,"FAGNAMPLEU, GBANGBEGOUINE-YATI, PODIAGOUINE, SANDOUGOU-SOBA, SANGOUINE ET ZAGOUE, COMMUNES ET SOUS-PREFECTURES, MAN, SOUS-PREFECTURE",132,39659,17734,0.4472,738,16996,243,0.0143,GP-PAIX,BONTA GOUE FERNAND,191,0.011200000000000002,False
IPKNOT,196,"FAGNAMPLEU, GBANGBEGOUINE-YATI, PODIAGOUINE, SANDOUGOU-SOBA, SANGOUINE ET ZAGOUE, COMMUNES ET SOUS-PREFECTURES, MAN, SOUS-PREFECTURE",132,39659,17734,0.4472,738,16996,243,0.0143,MIRDEP,GUE LIAN VICTOR,179,0.0105,False
IPKNOT,196,"FAGNAMPLEU, GBANGBEGOUINE-YATI, PODIAGOUINE, SANDOUGOU-SOBA, SANGOUINE ET ZAGOUE, COMMUNES ET SOUS-PREFECTURES, MAN, SOUS-PREFECTURE",132,39659,17734,0.4472,738,16996,243,0.0143,INDEPENDANT,MOMINE YAOUE ALEXIS,154,0.0091,False
IPKNOT,196,"FAGNAMPLEU, GBANGBEGOUINE-YATI, PODIAGOUINE, SANDOUGOU-SOBA, SANGOUINE ET ZAGOUE, COMMUNES ET SOUS-PREFECTURES, MAN, SOUS-PREFECTURE",132,39659,17734,0.4472,738,16996,243,0.0143,FPI,SIA ANDRE,3909,0.23,False
IPKNOT,197,"MAN, COMMUNE",172,64408,22399,0.3478,446,21953,128,0.0058,INDEPENDANT,ENSEMBLE POUR MAN,8117,0.3697,False
IPKNOT,197,"MAN, COMMUNE",172,64408,22399,0.3478,446,21953,128,0.0058,INDEPENDANT,TOUS POUR LE CHANGEMENT,326,0.0148,False
IPKNOT,197,"MAN, COMMUNE",172,64408,22399,0.3478,446,21953,128,0.0058,RHDP,"UNE COTE DIVOIRE EN PAIX, PROSPERE ET SOLIDAIRE",13382,0.6096,True
IPKNOT,198,"BANNEU, TEAPLEU, YELLEU ET ZOUAN-HOUNIEN, COMMUNES ET SOUS-PREFECTURES",160,48980,13295,0.27140000000000003,318,12977,164,0.0126,RHDP,MABRI TOIKEUSSE ALBERT ABDALLAH,11051,0.8515999999999999,True
IPKNOT,198,"BANNEU, TEAPLEU, YELLEU ET ZOUAN-HOUNIEN, COMMUNES ET SOUS-PREFECTURES",160,48980,13295,0.27140000000000003,318,12977,164,0.0126,INDEPENDANT,WONDIE KEBA DANIEL,575,0.0443,False
IPKNOT,198,"BANNEU, TEAPLEU, YELLEU ET ZOUAN-HOUNIEN, COMMUNES ET SOUS-PREFECTURES",160,48980,13295,0.27140000000000003,318,12977,164,0.0126,CODE,GOUANDAI MAHAN BARTHELEMY,154,0.011899999999999999,False
IPKNOT,198,"BANNEU, TEAPLEU, YELLEU ET ZOUAN-HOUNIEN, COMMUNES ET SOUS-PREFECTURES",160,48980,13295,0.27140000000000003,318,12977,164,0.0126,PDCI-RDA,PEHE TOUHOUEGBEU KEVIN,1033,0.0796,False
IPKNOT,199,"BIN-HOUYE ET GOULALEU, COMMUNES ET SOUS- PREFECTURES",59,15441,7970,0.5162,507,7463,80,0.010700000000000001,RHDP,KOKOUSSEU TOMIN ALEXIS,1819,0.2437,True
IPKNOT,199,"BIN-HOUYE ET GOULALEU, COMMUNES ET SOUS- PREFECTURES",59,15441,7970,0.5162,507,7463,80,0.010700000000000001,INDEPENDANT,GUEI DANIN MAGLOIRE,1618,0.2168,False
IPKNOT,199,"BIN-HOUYE ET GOULALEU, COMMUNES ET SOUS- PREFECTURES",59,15441,7970,0.5162,507,7463,80,0.010700000000000001,INDEPENDANT,GONGBE DOUO MACAIRE,1509,0.2022,False
IPKNOT,199,"BIN-HOUYE ET GOULALEU, COMMUNES ET SOUS- PREFECTURES",59,15441,7970,0.5162,507,7463,80,0.010700000000000001,INDEPENDANT,DIKO YAKEUSSEU HERBERT,1102,0.1477,False
IPKNOT,199,"BIN-HOUYE ET GOULALEU, COMMUNES ET SOUS- PREFECTURES",59,15441,7970,0.5162,507,7463,80,0.010700000000000001,PDCI-RDA,DIGONLA KEULEGBE IRENE,1335,0.1789,False
UOGUODOROW,200,"DJIBROSSO, FADIADOUGOU ET MORONDO, COMMUNES ET SOUS-PREFECTURES",66,20380,13373,0.6562,90,13283,208,0.015700000000000002,INDEPENDANT,DOUMBIA YACOUBOU AHMED,2605,0.1961,False
UOGUODOROW,200,"DJIBROSSO, FADIADOUGOU ET MORONDO, COMMUNES ET SOUS-PREFECTURES",66,20380,13373,0.6562,90,13283,208,0.015700000000000002,RHDP,KONE ABOUBACAR SIDIKI,10470,0.7881999999999999,True
UOGUODOROW,201,"KANI, COMMUNE ET SOUS-PREFECTURE",41,13143,7621,0.5799,143,7478,115,0.0154,INDEPENDANT,YACOUBA MEITE,202,0.027000000000000003,False
UOGUODOROW,201,"KANI, COMMUNE ET SOUS-PREFECTURE",41,13143,7621,0.5799,143,7478,115,0.0154,INDEPENDANT,MEITE YAYA,4329,0.5789,True
UOGUODOROW,201,"KANI, COMMUNE ET SOUS-PREFECTURE",41,13143,7621,0.5799,143,7478,115,0.0154,RHDP,MEITE BEN ABDOULAYE,2530,0.3383,False
UOGUODOROW,201,"KANI, COMMUNE ET SOUS-PREFECTURE",41,13143,7621,0.5799,143,7478,115,0.0154,INDEPENDANT,LADJI MEITE,302,0.0404,False
UOGUODOROW,202,"BOBI-DIARABANA, COMMUNE ET SOUS-PREFECTURE, SEGUELA, SOUS-PREFECTURE",60,16811,9578,0.5697,69,9509,114,0.012,RHDP,DIOMANDE MAMADOU,6519,0.6856,True
UOGUODOROW,202,"BOBI-DIARABANA, COMMUNE ET SOUS-PREFECTURE, SEGUELA, SOUS-PREFECTURE",60,16811,9578,0.5697,69,9509,114,0.012,INDEPENDANT,FOFANA VATIECOUMBA,2567,0.27,False
UOGUODOROW,202,"BOBI-DIARABANA, COMMUNE ET SOUS-PREFECTURE, SEGUELA, SOUS-PREFECTURE",60,16811,9578,0.5697,69,9509,114,0.012,INDEPENDANT,FOFANA LOSSENI,309,0.0325,False
UOGUODOROW,203,"SEGUELA, COMMUNE",55,20148,7201,0.3574,80,7121,171,0.024,INDEPENDANT,SOUMAHORO ADAMA,357,0.0501,False
UOGUODOROW,203,"SEGUELA, COMMUNE",55,20148,7201,0.3574,80,7121,171,0.024,INDEPENDANT,MOUSTAPHA FALL,1214,0.1705,False
UOGUODOROW,203,"SEGUELA, COMMUNE",55,20148,7201,0.3574,80,7121,171,0.024,RHDP,TIMITE SAHINDOU,3038,0.4266,True
UOGUODOROW,203,"SEGUELA, COMMUNE",55,20148,7201,0.3574,80,7121,171,0.024,INDEPENDANT,KEITA LASSINA,123,0.0173,False
UOGUODOROW,203,"SEGUELA, COMMUNE",55,20148,7201,0.3574,80,7121,171,0.024,INDEPENDANT,FOFANA GAOUSSOU,2023,0.2841,False
UOGUODOROW,203,"SEGUELA, COMMUNE",55,20148,7201,0.3574,80,7121,171,0.024,PDCI-RDA,ALI BAKAYOKO,195,0.0274,False
UOGUODOROW,204,"DUALLA ET MASSALA, COMMUNES ET SOUS- PREFECTURES",48,12876,7334,0.5696,85,7249,56,0.0077,INDEPENDANT,DOSSO ABOUBACAR SIDIKY,2392,0.33,False
UOGUODOROW,204,"DUALLA ET MASSALA, COMMUNES ET SOUS- PREFECTURES",48,12876,7334,0.5696,85,7249,56,0.0077,INDEPENDANT,COULIBALY METOBA,2076,0.2864,False
UOGUODOROW,204,"DUALLA ET MASSALA, COMMUNES ET SOUS- PREFECTURES",48,12876,7334,0.5696,85,7249,56,0.0077,RHDP,DOSSO MAMADOU,2545,0.35109999999999997,True
UOGUODOROW,204,"DUALLA ET MASSALA, COMMUNES ET SOUS- PREFECTURES",48,12876,7334,0.5696,85,7249,56,0.0077,INDEPENDANT,KONE NEDJON,7,0.001,False
UOGUODOROW,204,"DUALLA ET MASSALA, COMMUNES ET SOUS- PREFECTURES",48,12876,7334,0.5696,85,7249,56,0.0077,INDEPENDANT,SOUMAHORO MOUSSA OUMAR,173,0.0239,False
UOGUODOROW,205,"KAMALO, SIFIE ET WOROFLA, COMMUNES ET SOUS- PREFECTURES",74,19878,12803,0.6441,131,12672,164,0.0129,RHDP,MEITE ABOULAYE,11233,0.8864,True
UOGUODOROW,205,"KAMALO, SIFIE ET WOROFLA, COMMUNES ET SOUS- PREFECTURES",74,19878,12803,0.6441,131,12672,164,0.0129,INDEPENDANT,KONE LOSSENI,46,0.0036,False
UOGUODOROW,205,"KAMALO, SIFIE ET WOROFLA, COMMUNES ET SOUS- PREFECTURES",74,19878,12803,0.6441,131,12672,164,0.0129,INDEPENDANT,TRAORE SEKOU,646,0.051,False
UOGUODOROW,205,"KAMALO, SIFIE ET WOROFLA, COMMUNES ET SOUS- PREFECTURES",74,19878,12803,0.6441,131,12672,164,0.0129,RDP,FOFANA SIAKA,175,0.0138,False
UOGUODOROW,205,"KAMALO, SIFIE ET WOROFLA, COMMUNES ET SOUS- PREFECTURES",74,19878,12803,0.6441,131,12672,164,0.0129,PDCI-RDA,TRAORE MATAGALY KARIDJA,408,0.0322,False
